cobacia,cotrecho,trechosjus,curso_dagua,vazao_incremental,vazao_naturalizada,cabeceira
"7589993",347322,347331,"758",1,0,True
"7589992",227834,347331,"7589992",1,0,True
"7589991",347331,69288,"758",1,0,False
"758998",313280,69288,"758998",1,0,True
"7589973",69288,347332,"758",1,0,False
"7589972",223950,347332,"7589972",1,0,True
"7589971",347332,347333,"758",1,0,False
"758996",325285,347333,"758996",1,0,True
"7589955",347333,328728,"758",1,0,False
"7589954",343869,328728,"7589954",1,0,True
"7589953",328728,68766,"758",1,0,False
"7589952",222314,68766,"7589952",1,0,True
"7589951",68766,328740,"758",1,0,False
"758994",283373,328740,"758994",1,0,True
"7589933",328740,38128,"758",1,0,False
"7589932",419203,38128,"7589932",1,0,True
"7589931",38128,277240,"758",1,0,False
"758992",409570,277240,"758992",1,0,True
"758991",277240,328726,"758",1,0,False
"758989",266978,266975,"75898",1,0,True
"758988",295786,266975,"758988",1,0,True
"758987",266975,266974,"75898",1,0,False
"7589863",301195,301196,"758986",1,0,True
"7589862",164222,301196,"7589862",1,0,True
"7589861",301196,266974,"758986",1,0,False
"758985",266974,266979,"75898",1,0,False
"7589847",194807,42708,"758984",1,0,True
"7589846",314659,42708,"7589846",1,0,True
"7589845",42708,44379,"758984",1,0,False
"7589844",185521,44379,"7589844",1,0,True
"7589843",44379,194808,"758984",1,0,False
"7589842",322978,194808,"7589842",1,0,True
"7589841",194808,266979,"758984",1,0,False
"758983",266979,156609,"75898",1,0,False
"758982",301043,156609,"758982",1,0,True
"7589813",156609,266976,"75898",1,0,False
"7589812",311541,266976,"7589812",1,0,True
"75849161",325306,187286,"7584916",1,0,False
"7589811",266976,328726,"75898",1,0,False
"758979",328726,277256,"758",1,0,False
"758978",458127,277256,"758978",1,0,True
"758977",277256,328730,"758",1,0,False
"758976",234173,328730,"758976",1,0,True
"75849272",297746,297875,"75849272",1,0,True
"758975",328730,328729,"758",1,0,False
"7589745",424454,424452,"758974",1,0,True
"75849271",297875,207780,"758492",1,0,False
"7584915",187286,230811,"7584",1,0,False
"7589744",141913,424452,"7589744",1,0,True
"7589743",424452,424455,"758974",1,0,False
"7589742",310482,424455,"7589742",1,0,True
"7589741",424455,328729,"758974",1,0,False
"758973",328729,328731,"758",1,0,False
"7584914",336729,230811,"7584914",1,0,True
"758972",238274,328731,"758972",1,0,True
"758971",328731,328734,"758",1,0,False
"7589481",359123,424870,"758948",1,0,False
"758969",362635,362640,"75896",1,0,True
"758968",194575,362640,"758968",1,0,True
"758967",362640,334650,"75896",1,0,False
"7589665",334632,334644,"758966",1,0,True
"7589664",272807,334644,"7589664",1,0,True
"7589663",334644,334633,"758966",1,0,False
"7589662",334310,334633,"7589662",1,0,True
"7589661",334633,334650,"758966",1,0,False
"758965",334650,89400,"75896",1,0,False
"758964",224085,89400,"758964",1,0,True
"7589635",89400,154698,"75896",1,0,False
"75816823",255878,76749,"7581682",1,0,True
"7589634",357801,154698,"7589634",1,0,True
"7589633",154698,23926,"75896",1,0,False
"7589632",390027,23926,"7589632",1,0,True
"7589631",23926,334649,"75896",1,0,False
"75894822",233795,212722,"75894822",1,0,True
"758962",355367,334649,"758962",1,0,True
"7589613",334649,334647,"75896",1,0,False
"75816822",227478,76749,"75816822",1,0,True
"7589612",216584,334647,"7589612",1,0,True
"7589611",334647,328734,"75896",1,0,False
"75895",328734,277242,"758",1,0,False
"7589499",424871,424865,"75894",1,0,True
"7589498",234133,424865,"7589498",1,0,True
"7589497",424865,424874,"75894",1,0,False
"75894963",160419,275583,"7589496",1,0,True
"75894962",226648,275583,"75894962",1,0,True
"75894961",275583,424874,"7589496",1,0,False
"7589495",424874,424866,"75894",1,0,False
"7589494",381550,424866,"7589494",1,0,True
"7589493",424866,18897,"75894",1,0,False
"75894821",212722,359123,"7589482",1,0,False
"75894923",309055,210599,"7589492",1,0,True
"75894922",286994,210599,"75894922",1,0,True
"75894921",210599,18897,"7589492",1,0,False
"7589491",18897,424870,"75894",1,0,False
"7589485",359120,359122,"758948",1,0,True
"75816821",76749,239030,"7581682",1,0,False
"7589484",297625,359122,"7589484",1,0,True
"7589483",359122,359123,"758948",1,0,False
"75894823",317375,212722,"7589482",1,0,True
"758947",424870,166487,"75894",1,0,False
"758886",297183,184179,"758886",1,0,True
"758885",184179,134668,"75888",1,0,False
"758884",225385,134668,"758884",1,0,True
"7589467",417568,417565,"758946",1,0,True
"758883",134668,216309,"75888",1,0,False
"75849133",230811,230802,"7584",1,0,False
"7589466",235401,417565,"7589466",1,0,True
"7589465",417565,151992,"758946",1,0,False
"75894643",256511,256486,"7589464",1,0,True
"75894642",266058,256486,"75894642",1,0,True
"75894641",256486,151992,"7589464",1,0,False
"7589463",151992,417562,"758946",1,0,False
"75845633",238065,238066,"758456",1,0,False
"7589462",273987,417562,"7589462",1,0,True
"7589461",417562,166487,"758946",1,0,False
"758945",166487,424864,"75894",1,0,False
"7589445",256780,150929,"758944",1,0,True
"7589444",269108,150929,"7589444",1,0,True
"7589443",150929,256778,"758944",1,0,False
"7589442",410428,256778,"7589442",1,0,True
"7589441",256778,424864,"758944",1,0,False
"7589435",424864,424873,"75894",1,0,False
"7589434",217525,424873,"7589434",1,0,True
"7589433",424873,424872,"75894",1,0,False
"7589432",227524,424872,"7589432",1,0,True
"7589431",424872,166488,"75894",1,0,False
"758942",216216,166488,"758942",1,0,True
"7589413",166488,62591,"75894",1,0,False
"7589412",426480,62591,"7589412",1,0,True
"7589411",62591,277242,"75894",1,0,False
"758933",277242,277229,"758",1,0,False
"7589325",436838,128916,"758932",1,0,True
"7589324",363658,128916,"7589324",1,0,True
"7589323",128916,234708,"758932",1,0,False
"7589322",390029,234708,"7589322",1,0,True
"7589321",234708,277229,"758932",1,0,False
"758931",277229,277247,"758",1,0,False
"758925",224107,224105,"75892",1,0,True
"7589243",304690,304691,"758924",1,0,True
"7589242",280395,304691,"7589242",1,0,True
"7589241",304691,224105,"758924",1,0,False
"758923",224105,188039,"75892",1,0,False
"758922",295625,188039,"758922",1,0,True
"758921",188039,277247,"75892",1,0,False
"758919",277247,161138,"758",1,0,False
"75845632",271906,238066,"75845632",1,0,True
"758918",289808,161138,"758918",1,0,True
"758917",161138,277222,"758",1,0,False
"758916",243510,277222,"758916",1,0,True
"758915",277222,74167,"758",1,0,False
"7586722",256776,298845,"7586722",1,0,True
"758914",216293,74167,"758914",1,0,True
"758913",74167,61580,"758",1,0,False
"758912",148644,61580,"758912",1,0,True
"7589113",61580,277214,"758",1,0,False
"7589112",214739,277214,"7589112",1,0,True
"7586721",298845,286345,"758672",1,0,False
"7589111",277214,65817,"758",1,0,False
"7588995",54817,4628,"7588",1,0,True
"7588994",282049,4628,"7588994",1,0,True
"7588993",4628,313193,"7588",1,0,False
"7588992",274402,313193,"7588992",1,0,True
"7588991",313193,178761,"7588",1,0,False
"758898",359203,178761,"758898",1,0,True
"758897",178761,313182,"7588",1,0,False
"758671",286345,286344,"7586",1,0,False
"7584542",268051,208178,"7584542",1,0,True
"7588963",313783,313780,"758896",1,0,True
"7588962",315905,313780,"7588962",1,0,True
"7588961",313780,313182,"758896",1,0,False
"758895",313182,313188,"7588",1,0,False
"7588943",233324,233321,"758894",1,0,True
"7588942",41744,233321,"7588942",1,0,True
"7588941",233321,313188,"758894",1,0,False
"7588939",313188,178760,"7588",1,0,False
"7588938",219965,178760,"7588938",1,0,True
"7588937",178760,178765,"7588",1,0,False
"7588936",238300,178765,"7588936",1,0,True
"7588935",178765,313191,"7588",1,0,False
"7588934",214953,313191,"7588934",1,0,True
"7588933",313191,313150,"7588",1,0,False
"7588932",57272,313150,"7588932",1,0,True
"7588931",313150,313133,"7588",1,0,False
"758892",308226,313133,"758892",1,0,True
"758891",313133,313160,"7588",1,0,False
"758889",355432,216310,"75888",1,0,True
"758888",186499,216310,"758888",1,0,True
"7588873",216310,110411,"75888",1,0,False
"7588872",215288,110411,"7588872",1,0,True
"7588871",110411,184179,"75888",1,0,False
"758882",285279,216309,"758882",1,0,True
"758881",216309,313160,"75888",1,0,False
"7588793",313160,313190,"7588",1,0,False
"7588792",296974,313190,"7588792",1,0,True
"7588791",313190,313196,"7588",1,0,False
"7588787",236942,69051,"758878",1,0,True
"75887863",267246,267235,"7588786",1,0,True
"75887862",226730,267235,"75887862",1,0,True
"75887861",267235,69051,"7588786",1,0,False
"7588785",69051,190466,"758878",1,0,False
"7588784",242922,190466,"7588784",1,0,True
"7588783",190466,143430,"758878",1,0,False
"7588782",302323,143430,"7588782",1,0,True
"7588781",143430,313196,"758878",1,0,False
"758877",313196,313195,"7588",1,0,False
"7588763",286297,164846,"758876",1,0,True
"7588762",248245,164846,"7588762",1,0,True
"7588761",164846,313195,"758876",1,0,False
"758875",313195,211656,"7588",1,0,False
"7584541",208178,196213,"758454",1,0,False
"758874",277631,211656,"758874",1,0,True
"758873",211656,214589,"7588",1,0,False
"758872",297127,214589,"758872",1,0,True
"758871",214589,89899,"7588",1,0,False
"7588693",302815,302812,"75886",1,0,True
"758453",196213,106942,"7584",1,0,False
"7588692",185323,302812,"7588692",1,0,True
"7588691",302812,208894,"75886",1,0,False
"758868",246492,208894,"758868",1,0,True
"758867",208894,208896,"75886",1,0,False
"7588665",222606,222575,"758866",1,0,True
"7588664",20191,222575,"7588664",1,0,True
"7588663",222575,186767,"758866",1,0,False
"7588662",233971,186767,"7588662",1,0,True
"7588661",186767,208896,"758866",1,0,False
"758865",208896,173642,"75886",1,0,False
"758864",282756,173642,"758864",1,0,True
"758863",173642,302813,"75886",1,0,False
"7588625",444262,135253,"758862",1,0,True
"7588624",195872,135253,"7588624",1,0,True
"7588623",135253,135251,"758862",1,0,False
"7588622",220857,135251,"7588622",1,0,True
"7588621",135251,302813,"758862",1,0,False
"7588613",302813,302814,"75886",1,0,False
"7588612",275754,302814,"7588612",1,0,True
"7588611",302814,89899,"75886",1,0,False
"758859",89899,313183,"7588",1,0,False
"758858",279442,313183,"758858",1,0,True
"758857",313183,211655,"7588",1,0,False
"758856",187634,211655,"758856",1,0,True
"758855",211655,313139,"7588",1,0,False
"758854",303279,313139,"758854",1,0,True
"758853",313139,313189,"7588",1,0,False
"758852",264982,313189,"758852",1,0,True
"758851",313189,178759,"7588",1,0,False
"758847",376129,30353,"75884",1,0,True
"758846",206122,30353,"758846",1,0,True
"758845",30353,309965,"75884",1,0,False
"758844",267888,309965,"758844",1,0,True
"758843",309965,309964,"75884",1,0,False
"758842",269110,309964,"758842",1,0,True
"758841",309964,178759,"75884",1,0,False
"75883",178759,115354,"7588",1,0,False
"758823",223685,136935,"75882",1,0,True
"7584926",276407,207780,"7584926",1,0,True
"758822",278450,136935,"758822",1,0,True
"758821",136935,115354,"75882",1,0,False
"758819",115354,44966,"7588",1,0,False
"7584925",207780,207781,"758492",1,0,False
"7588187",260550,8943,"758818",1,0,True
"7588186",181432,8943,"7588186",1,0,True
"7588185",8943,75408,"758818",1,0,False
"7584924",230659,207781,"7584924",1,0,True
"7588184",303727,75408,"7588184",1,0,True
"7588183",75408,56539,"758818",1,0,False
"7588182",249738,56539,"7588182",1,0,True
"7588181",56539,44966,"758818",1,0,False
"7588175",44966,313186,"7588",1,0,False
"7588174",245013,313186,"7588174",1,0,True
"7588173",313186,313184,"7588",1,0,False
"7584923",207781,207782,"758492",1,0,False
"7584922",320820,207782,"7584922",1,0,True
"7588172",208958,313184,"7588172",1,0,True
"7588171",313184,178764,"7588",1,0,False
"7588167",225442,97171,"758816",1,0,True
"7588166",203626,97171,"7588166",1,0,True
"7588165",97171,102054,"758816",1,0,False
"7588164",277515,102054,"7588164",1,0,True
"7588163",102054,137786,"758816",1,0,False
"7588162",312387,137786,"7588162",1,0,True
"7588161",137786,178764,"758816",1,0,False
"758815",178764,313170,"7588",1,0,False
"7584921",207782,230664,"758492",1,0,False
"7588143",146404,192215,"758814",1,0,True
"7588142",257346,192215,"7588142",1,0,True
"7588141",192215,313170,"758814",1,0,False
"7588133",313170,313192,"7588",1,0,False
"7588132",141291,313192,"7588132",1,0,True
"7588131",313192,178763,"7588",1,0,False
"7588125",264069,114191,"758812",1,0,True
"7588124",295547,114191,"7588124",1,0,True
"7588123",114191,33077,"758812",1,0,False
"7588122",149194,33077,"7588122",1,0,True
"7588121",33077,178763,"758812",1,0,False
"7588117",178763,313185,"7588",1,0,False
"7588116",197695,313185,"7588116",1,0,True
"7584919",230664,230796,"7584",1,0,False
"7588115",313185,68617,"7588",1,0,False
"7588114",230162,68617,"7588114",1,0,True
"7588113",68617,18812,"7588",1,0,False
"7588112",305277,18812,"7588112",1,0,True
"7588111",18812,65817,"7588",1,0,False
"75877",65817,277216,"758",1,0,False
"75876",292009,277216,"75876",1,0,True
"75875",277216,277236,"758",1,0,False
"758743",268868,268826,"75874",1,0,True
"758742",299953,268826,"758742",1,0,True
"758741",268826,277236,"75874",1,0,False
"75873",277236,123874,"758",1,0,False
"7584918",234125,230796,"7584918",1,0,True
"75872",293645,123874,"75872",1,0,True
"75871",123874,277234,"758",1,0,False
"7586999",286334,204695,"7586",1,0,True
"7586998",237464,204695,"7586998",1,0,True
"7586997",204695,296247,"7586",1,0,False
"7586996",255214,296247,"7586996",1,0,True
"7586995",296247,286332,"7586",1,0,False
"7586994",282242,286332,"7586994",1,0,True
"75869935",286332,286337,"7586",1,0,False
"75869934",200194,286337,"75869934",1,0,True
"75869933",286337,286336,"7586",1,0,False
"75869932",297265,286336,"75869932",1,0,True
"75869931",286336,286338,"7586",1,0,False
"7586992",235588,286338,"7586992",1,0,True
"75869913",286338,125346,"7586",1,0,False
"75869912",228400,125346,"75869912",1,0,True
"75869911",125346,164856,"7586",1,0,False
"7586987",290202,290198,"758698",1,0,True
"7586986",177854,290198,"7586986",1,0,True
"7586985",290198,168554,"758698",1,0,False
"7586984",301898,168554,"7586984",1,0,True
"7586983",168554,290199,"758698",1,0,False
"7586982",259539,290199,"7586982",1,0,True
"7586981",290199,164856,"758698",1,0,False
"7586973",164856,286331,"7586",1,0,False
"7586972",258462,286331,"7586972",1,0,True
"7586971",286331,70256,"7586",1,0,False
"7586969",317291,317106,"758696",1,0,True
"7586968",227238,317106,"7586968",1,0,True
"7586967",317106,317288,"758696",1,0,False
"7586966",245653,317288,"7586966",1,0,True
"7586965",317288,317290,"758696",1,0,False
"7586964",218471,317290,"7586964",1,0,True
"7586963",317290,317289,"758696",1,0,False
"7586962",296240,317289,"7586962",1,0,True
"7586961",317289,70256,"758696",1,0,False
"7586953",70256,286343,"7586",1,0,False
"7586952",133171,286343,"7586952",1,0,True
"7586951",286343,286341,"7586",1,0,False
"7586949",269430,269431,"758694",1,0,True
"7584917",230796,187286,"7584",1,0,False
"7586948",250782,269431,"7586948",1,0,True
"7586947",269431,269426,"758694",1,0,False
"7586946",248723,269426,"7586946",1,0,True
"7586945",269426,269429,"758694",1,0,False
"7586944",260591,269429,"7586944",1,0,True
"7586943",269429,269419,"758694",1,0,False
"7586942",183784,269419,"7586942",1,0,True
"7586941",269419,286341,"758694",1,0,False
"758693",286341,284922,"7586",1,0,False
"7586925",216307,62281,"758692",1,0,True
"7586924",153320,62281,"7586924",1,0,True
"7586923",62281,39806,"758692",1,0,False
"7586922",280458,39806,"7586922",1,0,True
"7586921",39806,284922,"758692",1,0,False
"7586915",284922,286325,"7586",1,0,False
"75869145",282238,282237,"7586914",1,0,True
"75869144",288887,282237,"75869144",1,0,True
"75869143",282237,49906,"7586914",1,0,False
"75869142",271097,49906,"75869142",1,0,True
"75869141",49906,286325,"7586914",1,0,False
"7586913",286325,58999,"7586",1,0,False
"7586912",257612,58999,"7586912",1,0,True
"7586911",58999,164858,"7586",1,0,False
"758689",263396,263400,"75868",1,0,True
"758688",168206,263400,"758688",1,0,True
"758687",263400,263401,"75868",1,0,False
"758686",281037,263401,"758686",1,0,True
"758685",263401,263393,"75868",1,0,False
"7586843",255824,84451,"758684",1,0,True
"7586842",313418,84451,"7586842",1,0,True
"7586841",84451,263393,"758684",1,0,False
"758683",263393,28566,"75868",1,0,False
"7586823",122346,230925,"758682",1,0,True
"7586822",235183,230925,"7586822",1,0,True
"7586821",230925,28566,"758682",1,0,False
"7586813",28566,263397,"75868",1,0,False
"7586812",240545,263397,"7586812",1,0,True
"7586811",263397,164858,"75868",1,0,False
"758673",164858,286345,"7586",1,0,False
"7586723",208144,298845,"758672",1,0,True
"758669",287855,165617,"75866",1,0,True
"758668",255564,165617,"758668",1,0,True
"7586673",165617,165616,"75866",1,0,False
"7586672",294226,165616,"7586672",1,0,True
"7586671",165616,287851,"75866",1,0,False
"7586665",281854,281855,"758666",1,0,True
"7586664",255280,281855,"7586664",1,0,True
"7586663",281855,203676,"758666",1,0,False
"7586662",240019,203676,"7586662",1,0,True
"7586661",203676,287851,"758666",1,0,False
"758665",287851,287852,"75866",1,0,False
"7586645",287436,120930,"758664",1,0,True
"7586644",228272,120930,"7586644",1,0,True
"7586643",120930,287435,"758664",1,0,False
"7586642",222333,287435,"7586642",1,0,True
"7586641",287435,287852,"758664",1,0,False
"758663",287852,126171,"75866",1,0,False
"758662",243009,126171,"758662",1,0,True
"758661",126171,286344,"75866",1,0,False
"758659",286344,39828,"7586",1,0,False
"758658",262607,39828,"758658",1,0,True
"758657",39828,286326,"7586",1,0,False
"758656",301270,286326,"758656",1,0,True
"758655",286326,286339,"7586",1,0,False
"758654",236798,286339,"758654",1,0,True
"758653",286339,286329,"7586",1,0,False
"758652",306388,286329,"758652",1,0,True
"758651",286329,100735,"7586",1,0,False
"758649",136138,222126,"75864",1,0,True
"758648",250082,222126,"758648",1,0,True
"758647",222126,136140,"75864",1,0,False
"758646",255325,136140,"758646",1,0,True
"758645",136140,222138,"75864",1,0,False
"758644",228691,222138,"758644",1,0,True
"758643",222138,97906,"75864",1,0,False
"758642",227001,97906,"758642",1,0,True
"758641",97906,100735,"75864",1,0,False
"758637",100735,286333,"7586",1,0,False
"758636",286030,286333,"758636",1,0,True
"758635",286333,286327,"7586",1,0,False
"758634",249014,286327,"758634",1,0,True
"758633",286327,286330,"7586",1,0,False
"758632",257344,286330,"758632",1,0,True
"758631",286330,91875,"7586",1,0,False
"7586295",238713,98071,"75862",1,0,True
"7586294",238636,98071,"7586294",1,0,True
"7586293",98071,238712,"75862",1,0,False
"7586292",104990,238712,"7586292",1,0,True
"7586291",238712,9773,"75862",1,0,False
"7586285",266233,158481,"758628",1,0,True
"7586284",286174,158481,"7586284",1,0,True
"7586283",158481,11508,"758628",1,0,False
"7586282",296340,11508,"7586282",1,0,True
"7586281",11508,9773,"758628",1,0,False
"758627",9773,191211,"75862",1,0,False
"75849163",325328,325306,"7584916",1,0,True
"758626",291298,191211,"758626",1,0,True
"758625",191211,238709,"75862",1,0,False
"7586243",272170,272169,"758624",1,0,True
"7586242",265090,272169,"7586242",1,0,True
"7586241",272169,238709,"758624",1,0,False
"7586233",238709,238711,"75862",1,0,False
"7586232",296294,238711,"7586232",1,0,True
"7586231",238711,191187,"75862",1,0,False
"75849132",260219,230802,"75849132",1,0,True
"758622",226088,191187,"758622",1,0,True
"7586213",191187,238710,"75862",1,0,False
"7586212",137065,238710,"7586212",1,0,True
"7586211",238710,91875,"75862",1,0,False
"7586193",91875,114263,"7586",1,0,False
"7586192",228926,114263,"7586192",1,0,True
"7586191",114263,286302,"7586",1,0,False
"758618",214434,286302,"758618",1,0,True
"758617",286302,204696,"7586",1,0,False
"758616",285863,204696,"758616",1,0,True
"758615",204696,286335,"7586",1,0,False
"7586149",223738,23768,"758614",1,0,True
"7586148",227404,23768,"7586148",1,0,True
"7586147",23768,62999,"758614",1,0,False
"7586146",311859,62999,"7586146",1,0,True
"7586145",62999,46087,"758614",1,0,False
"7586144",134113,46087,"7586144",1,0,True
"7586143",46087,223739,"758614",1,0,False
"7586142",276275,223739,"7586142",1,0,True
"7586141",223739,286335,"758614",1,0,False
"7586133",286335,286342,"7586",1,0,False
"7586132",310811,286342,"7586132",1,0,True
"7586131",286342,286328,"7586",1,0,False
"758612",306841,286328,"758612",1,0,True
"7586113",286328,87825,"7586",1,0,False
"7586112",235072,87825,"7586112",1,0,True
"7586111",87825,277234,"7586",1,0,False
"758595",277234,277231,"758",1,0,False
"758594",296852,277231,"758594",1,0,True
"758593",277231,202325,"758",1,0,False
"758592",255470,202325,"758592",1,0,True
"758591",202325,277219,"758",1,0,False
"758589",216288,114096,"75858",1,0,True
"758588",250367,114096,"758588",1,0,True
"758587",114096,125914,"75858",1,0,False
"758586",270533,125914,"758586",1,0,True
"7585857",125914,216289,"75858",1,0,False
"7585856",312336,216289,"7585856",1,0,True
"7585855",216289,184175,"75858",1,0,False
"7585854",261329,184175,"7585854",1,0,True
"7585853",184175,216285,"75858",1,0,False
"7585852",225761,216285,"7585852",1,0,True
"7585851",216285,31666,"75858",1,0,False
"758584",247410,31666,"758584",1,0,True
"758583",31666,216284,"75858",1,0,False
"758582",239477,216284,"758582",1,0,True
"7581681",239030,411019,"758168",1,0,False
"758581",216284,277219,"75858",1,0,False
"758573",277219,173483,"758",1,0,False
"758572",325063,173483,"758572",1,0,True
"758571",173483,277232,"758",1,0,False
"7585693",224761,224756,"75856",1,0,True
"7585692",100165,224756,"7585692",1,0,True
"7585691",224756,52584,"75856",1,0,False
"758568",234877,52584,"758568",1,0,True
"7585675",52584,224763,"75856",1,0,False
"7585674",41225,224763,"7585674",1,0,True
"7585673",224763,50145,"75856",1,0,False
"7585672",264688,50145,"7585672",1,0,True
"7585671",50145,224764,"75856",1,0,False
"7585663",73276,255184,"758566",1,0,True
"7581673",411019,411021,"75816",1,0,False
"7581672",162342,411021,"7581672",1,0,True
"7585662",298265,255184,"7585662",1,0,True
"7585661",255184,224764,"758566",1,0,False
"7585655",224764,107161,"75856",1,0,False
"7585654",215937,107161,"7585654",1,0,True
"7585653",107161,224760,"75856",1,0,False
"7585652",167109,224760,"7585652",1,0,True
"7581671",411021,411026,"75816",1,0,False
"7585651",224760,122224,"75856",1,0,False
"758564",217323,122224,"758564",1,0,True
"7585635",122224,224762,"75856",1,0,False
"7585634",293890,224762,"7585634",1,0,True
"7585633",224762,224755,"75856",1,0,False
"7581669",239429,366432,"758166",1,0,True
"7585632",273347,224755,"7585632",1,0,True
"7585631",224755,224765,"75856",1,0,False
"7585627",227428,71801,"758562",1,0,True
"7585626",238525,71801,"7585626",1,0,True
"7585625",71801,65194,"758562",1,0,False
"7585624",186535,65194,"7585624",1,0,True
"7585623",65194,138780,"758562",1,0,False
"7585622",200588,138780,"7585622",1,0,True
"7585621",138780,224765,"758562",1,0,False
"758561",224765,277232,"75856",1,0,False
"7585593",277232,277227,"758",1,0,False
"7585592",289958,277227,"7585592",1,0,True
"7585591",277227,277217,"758",1,0,False
"7585589",158785,200751,"758558",1,0,True
"7585588",186513,200751,"7585588",1,0,True
"7585587",200751,200750,"758558",1,0,False
"7585586",156724,200750,"7585586",1,0,True
"7585585",200750,158784,"758558",1,0,False
"7585584",249556,158784,"7585584",1,0,True
"7585583",158784,123784,"758558",1,0,False
"7585582",262964,123784,"7585582",1,0,True
"7585581",123784,277217,"758558",1,0,False
"7585573",277217,277225,"758",1,0,False
"7581668",296335,366432,"7581668",1,0,True
"7585572",239518,277225,"7585572",1,0,True
"7585571",277225,277246,"758",1,0,False
"7585569",230076,188679,"758556",1,0,True
"75855683",119365,99254,"7585568",1,0,True
"75855682",252499,99254,"75855682",1,0,True
"75855681",99254,188679,"7585568",1,0,False
"75855673",188679,230077,"758556",1,0,False
"75855672",311575,230077,"75855672",1,0,True
"75855671",230077,188680,"758556",1,0,False
"7581667",366432,191441,"758166",1,0,False
"75855663",289441,289442,"7585566",1,0,True
"75855662",321714,289442,"75855662",1,0,True
"75855661",289442,188680,"7585566",1,0,False
"7585565",188680,188681,"758556",1,0,False
"7585564",277993,188681,"7585564",1,0,True
"7585563",188681,230069,"758556",1,0,False
"75855623",13961,321832,"7585562",1,0,True
"75855622",34477,321832,"75855622",1,0,True
"75855621",321832,230069,"7585562",1,0,False
"7585561",230069,277246,"758556",1,0,False
"758555",277246,161144,"758",1,0,False
"7585543",314457,181377,"758554",1,0,True
"7585542",199271,181377,"7585542",1,0,True
"7581666",233597,191441,"7581666",1,0,True
"7585541",181377,161144,"758554",1,0,False
"758553",161144,277190,"758",1,0,False
"7585525",217133,217134,"758552",1,0,True
"7585524",220147,217134,"7585524",1,0,True
"7585523",217134,64965,"758552",1,0,False
"7585522",323187,64965,"7585522",1,0,True
"7585521",64965,277190,"758552",1,0,False
"7585513",277190,54949,"758",1,0,False
"7585512",247851,54949,"7585512",1,0,True
"7585511",54949,277248,"758",1,0,False
"758549",114307,17173,"75854",1,0,True
"758548",323229,17173,"758548",1,0,True
"7585473",17173,271576,"75854",1,0,False
"7581665",191441,366447,"758166",1,0,False
"7585472",290290,271576,"7585472",1,0,True
"7585471",271576,271575,"75854",1,0,False
"7585465",228613,228614,"758546",1,0,True
"7585464",295788,228614,"7585464",1,0,True
"7585463",228614,18290,"758546",1,0,False
"7585462",259115,18290,"7585462",1,0,True
"7585461",18290,271575,"758546",1,0,False
"7585457",271575,271573,"75854",1,0,False
"7585456",316200,271573,"7585456",1,0,True
"7585455",271573,271577,"75854",1,0,False
"7585454",267172,271577,"7585454",1,0,True
"7585453",271577,200725,"75854",1,0,False
"7585452",306694,200725,"7585452",1,0,True
"7585451",200725,13591,"75854",1,0,False
"758544",203373,13591,"758544",1,0,True
"758543",13591,158715,"75854",1,0,False
"758542",325706,158715,"758542",1,0,True
"7585413",158715,271574,"75854",1,0,False
"7585412",136665,271574,"7585412",1,0,True
"7585411",271574,277248,"75854",1,0,False
"758539",277248,202324,"758",1,0,False
"758538",240344,202324,"758538",1,0,True
"7585377",202324,82175,"758",1,0,False
"7585376",254189,82175,"7585376",1,0,True
"7585375",82175,271611,"758",1,0,False
"7585374",254690,271611,"7585374",1,0,True
"7585373",271611,277218,"758",1,0,False
"7585372",295320,277218,"7585372",1,0,True
"7585371",277218,145850,"758",1,0,False
"7585363",228085,228084,"758536",1,0,True
"7585362",135758,228084,"7585362",1,0,True
"7585361",228084,145850,"758536",1,0,False
"758535",145850,219049,"758",1,0,False
"7581664",242159,366447,"7581664",1,0,True
"758534",256290,219049,"758534",1,0,True
"758533",219049,277223,"758",1,0,False
"758532",315477,277223,"758532",1,0,True
"758531",277223,277192,"758",1,0,False
"758529",235032,235033,"75852",1,0,True
"758528",271714,235033,"758528",1,0,True
"758527",235033,142249,"75852",1,0,False
"7585263",298378,298379,"758526",1,0,True
"7585262",229419,298379,"7585262",1,0,True
"7585261",298379,142249,"758526",1,0,False
"7585253",142249,235037,"75852",1,0,False
"7585252",221168,235037,"7585252",1,0,True
"7585251",235037,235035,"75852",1,0,False
"758524",166222,235035,"758524",1,0,True
"758523",235035,235036,"75852",1,0,False
"758522",205645,235036,"758522",1,0,True
"7581663",366447,366428,"758166",1,0,False
"7581662",316112,366428,"7581662",1,0,True
"7585213",235036,64919,"75852",1,0,False
"7585212",20921,64919,"7585212",1,0,True
"7585211",64919,277192,"75852",1,0,False
"758513",277192,277221,"758",1,0,False
"7585125",276518,9929,"758512",1,0,True
"7585124",273289,9929,"7585124",1,0,True
"7585123",9929,276519,"758512",1,0,False
"7585122",262608,276519,"7585122",1,0,True
"7585121",276519,277221,"758512",1,0,False
"758511",277221,277235,"758",1,0,False
"75849993",230801,190588,"7584",1,0,True
"75849992",352276,190588,"75849992",1,0,True
"75849991",190588,230792,"7584",1,0,False
"7584998",253540,230792,"7584998",1,0,True
"7584997",230792,230793,"7584",1,0,False
"75849965",255937,255939,"7584996",1,0,True
"75849964",62345,255939,"75849964",1,0,True
"75849963",255939,255938,"7584996",1,0,False
"75849962",182922,255938,"75849962",1,0,True
"75849961",255938,230793,"7584996",1,0,False
"75849953",230793,230784,"7584",1,0,False
"75849952",319429,230784,"75849952",1,0,True
"75849951",230784,230787,"7584",1,0,False
"75849943",321152,321153,"7584994",1,0,True
"75849942",306531,321153,"75849942",1,0,True
"75849941",321153,230787,"7584994",1,0,False
"7584993",230787,230794,"7584",1,0,False
"7584992",270164,230794,"7584992",1,0,True
"75849913",230794,33107,"7584",1,0,False
"75849912",193192,33107,"75849912",1,0,True
"75849911",33107,35861,"7584",1,0,False
"7581661",366428,411026,"758166",1,0,False
"7584987",166048,287509,"758498",1,0,True
"75849863",246586,246587,"7584986",1,0,True
"75849862",217947,246587,"75849862",1,0,True
"75849861",246587,287509,"7584986",1,0,False
"7584985",287509,287510,"758498",1,0,False
"7584984",279001,287510,"7584984",1,0,True
"7584983",287510,287511,"758498",1,0,False
"7584982",346506,287511,"7584982",1,0,True
"7584981",287511,35861,"758498",1,0,False
"7584979",35861,230785,"7584",1,0,False
"7584978",401992,230785,"7584978",1,0,True
"7584977",230785,81151,"7584",1,0,False
"7584976",368324,81151,"7584976",1,0,True
"7584975",81151,230805,"7584",1,0,False
"7584974",76574,230805,"7584974",1,0,True
"7584973",230805,203025,"7584",1,0,False
"7584972",271489,203025,"7584972",1,0,True
"7584971",203025,41973,"7584",1,0,False
"7584963",232154,232166,"758496",1,0,True
"7584962",102037,232166,"7584962",1,0,True
"7584961",232166,41973,"758496",1,0,False
"758495",41973,230797,"7584",1,0,False
"75849493",165824,282889,"758494",1,0,True
"75849492",268610,282889,"75849492",1,0,True
"75849491",282889,282890,"758494",1,0,False
"7584948",283612,282890,"7584948",1,0,True
"7584947",282890,282937,"758494",1,0,False
"7584946",245847,282937,"7584946",1,0,True
"75849457",282937,203907,"758494",1,0,False
"75849456",312076,203907,"75849456",1,0,True
"75849455",203907,282936,"758494",1,0,False
"75849454",276052,282936,"75849454",1,0,True
"75849453",282936,282787,"758494",1,0,False
"75849452",245635,282787,"75849452",1,0,True
"75849451",282787,282934,"758494",1,0,False
"7584944",272820,282934,"7584944",1,0,True
"7584943",282934,282896,"758494",1,0,False
"7584942",280241,282896,"7584942",1,0,True
"75849413",282896,374288,"758494",1,0,False
"75849412",246949,374288,"75849412",1,0,True
"75849411",374288,230797,"758494",1,0,False
"75849393",230797,98825,"7584",1,0,False
"75849392",226744,98825,"75849392",1,0,True
"75849391",98825,143586,"7584",1,0,False
"75849383",291650,44770,"7584938",1,0,True
"75849382",262789,44770,"75849382",1,0,True
"75849381",44770,143586,"7584938",1,0,False
"7584937",143586,143585,"7584",1,0,False
"7584936",375334,143585,"7584936",1,0,True
"75849357",143585,230807,"7584",1,0,False
"75849356",308957,230807,"75849356",1,0,True
"75849355",230807,143589,"7584",1,0,False
"75849354",295480,143589,"75849354",1,0,True
"75849353",143589,230790,"7584",1,0,False
"75849352",188138,230790,"75849352",1,0,True
"75849351",230790,101777,"7584",1,0,False
"7584934",334966,101777,"7584934",1,0,True
"7584933",101777,230806,"7584",1,0,False
"75849323",236935,19355,"7584932",1,0,True
"75849322",314148,19355,"75849322",1,0,True
"75849321",19355,230806,"7584932",1,0,False
"7584931",230806,230664,"7584",1,0,False
"75849162",219556,325306,"75849162",1,0,True
"7584929",297873,297874,"758492",1,0,True
"7584928",337643,297874,"7584928",1,0,True
"75849273",297874,297875,"758492",1,0,False
"75849131",230802,143590,"7584",1,0,False
"7584912",425045,143590,"7584912",1,0,True
"7584911",143590,230809,"7584",1,0,False
"75848995",45270,88581,"75848",1,0,True
"75848994",246851,88581,"75848994",1,0,True
"75848993",88581,44745,"75848",1,0,False
"75848992",232823,44745,"75848992",1,0,True
"75848991",44745,351391,"75848",1,0,False
"75848983",278173,103877,"7584898",1,0,True
"75848982",48551,103877,"75848982",1,0,True
"75848981",103877,351391,"7584898",1,0,False
"75848973",351391,52023,"75848",1,0,False
"75848972",98724,52023,"75848972",1,0,True
"75848971",52023,48677,"75848",1,0,False
"7584896",158224,48677,"7584896",1,0,True
"7584895",48677,351390,"75848",1,0,False
"7584894",301446,351390,"7584894",1,0,True
"7584893",351390,48735,"75848",1,0,False
"7584892",244689,48735,"7584892",1,0,True
"75848913",48735,351392,"75848",1,0,False
"75848912",234399,351392,"75848912",1,0,True
"75848911",351392,131302,"75848",1,0,False
"7584889",221762,29885,"758488",1,0,True
"7584888",260225,29885,"7584888",1,0,True
"7584887",29885,221761,"758488",1,0,False
"7581653",411026,202556,"75816",1,0,False
"75848863",247199,151669,"7584886",1,0,True
"75848862",302712,151669,"75848862",1,0,True
"75848861",151669,221761,"7584886",1,0,False
"7584885",221761,78080,"758488",1,0,False
"7584884",307607,78080,"7584884",1,0,True
"7584883",78080,221763,"758488",1,0,False
"7584882",247526,221763,"7584882",1,0,True
"7584881",221763,131302,"758488",1,0,False
"7584879",131302,132508,"75848",1,0,False
"7584878",256973,132508,"7584878",1,0,True
"75848773",132508,132252,"75848",1,0,False
"75848772",44721,132252,"75848772",1,0,True
"75848771",132252,98847,"75848",1,0,False
"7584876",224797,98847,"7584876",1,0,True
"7584875",98847,351393,"75848",1,0,False
"7581652",294223,202556,"7581652",1,0,True
"75848743",348254,348259,"7584874",1,0,True
"75848742",280006,348259,"75848742",1,0,True
"75845631",238066,144212,"758456",1,0,False
"7581651",202556,411025,"75816",1,0,False
"75848741",348259,351393,"7584874",1,0,False
"7584873",351393,25935,"75848",1,0,False
"75816493",279565,163199,"758164",1,0,True
"75848725",429447,151665,"7584872",1,0,True
"75848724",286347,151665,"75848724",1,0,True
"75848723",151665,429450,"7584872",1,0,False
"75848722",231452,429450,"75848722",1,0,True
"75848721",429450,25935,"7584872",1,0,False
"7584871",25935,90465,"75848",1,0,False
"7584869",428284,428274,"758486",1,0,True
"7584868",221156,428274,"7584868",1,0,True
"7584867",428274,428283,"758486",1,0,False
"7584866",221198,428283,"7584866",1,0,True
"75848653",428283,79647,"758486",1,0,False
"75848652",242844,79647,"75848652",1,0,True
"75848651",79647,73953,"758486",1,0,False
"7584864",374776,73953,"7584864",1,0,True
"7584863",73953,428277,"758486",1,0,False
"7584862",278182,428277,"7584862",1,0,True
"7584861",428277,90465,"758486",1,0,False
"7584853",90465,351387,"75848",1,0,False
"7584852",294775,351387,"7584852",1,0,True
"7584851",351387,53407,"75848",1,0,False
"7584845",441812,441811,"758484",1,0,True
"7584844",283810,441811,"7584844",1,0,True
"7584843",441811,441826,"758484",1,0,False
"7584842",239923,441826,"7584842",1,0,True
"7584841",441826,53407,"758484",1,0,False
"7584833",53407,351386,"75848",1,0,False
"7584832",416834,351386,"7584832",1,0,True
"7584831",351386,56703,"75848",1,0,False
"75816492",320284,163199,"75816492",1,0,True
"7584825",368752,368745,"758482",1,0,True
"7584824",247970,368745,"7584824",1,0,True
"7584823",368745,368753,"758482",1,0,False
"75816491",163199,279558,"758164",1,0,False
"7584822",285509,368753,"7584822",1,0,True
"7584821",368753,56703,"758482",1,0,False
"7584815",56703,135289,"75848",1,0,False
"7581648",230819,279558,"7581648",1,0,True
"7581647",279558,279564,"758164",1,0,False
"75848143",433485,433483,"7584814",1,0,True
"75848142",315636,433483,"75848142",1,0,True
"75848141",433483,135289,"7584814",1,0,False
"7584813",135289,351389,"75848",1,0,False
"75848123",436368,436369,"7584812",1,0,True
"75848122",393330,436369,"75848122",1,0,True
"75848121",436369,351389,"7584812",1,0,False
"7584811",351389,230809,"75848",1,0,False
"758479",230809,77707,"7584",1,0,False
"758478",236727,77707,"758478",1,0,True
"7584775",77707,230808,"7584",1,0,False
"7584774",190349,230808,"7584774",1,0,True
"7584773",230808,230783,"7584",1,0,False
"7584772",255653,230783,"7584772",1,0,True
"7584771",230783,230795,"7584",1,0,False
"75847693",268384,199920,"758476",1,0,True
"75847692",270647,199920,"75847692",1,0,True
"75847691",199920,268379,"758476",1,0,False
"75847685",257617,257613,"7584768",1,0,True
"75847684",293611,257613,"75847684",1,0,True
"75847683",257613,125473,"7584768",1,0,False
"75847682",164937,125473,"75847682",1,0,True
"75847681",125473,268379,"7584768",1,0,False
"7584767",268379,268383,"758476",1,0,False
"7581646",259931,279564,"7581646",1,0,True
"75847663",273057,273055,"7584766",1,0,True
"75847662",77327,273055,"75847662",1,0,True
"7584518",246129,230786,"7584518",1,0,True
"7584517",230786,8223,"7584",1,0,False
"75847661",273055,268383,"7584766",1,0,False
"7584765",268383,157221,"758476",1,0,False
"7584516",276797,8223,"7584516",1,0,True
"7584515",8223,230779,"7584",1,0,False
"75847647",199345,155213,"7584764",1,0,True
"75847646",217247,155213,"75847646",1,0,True
"75847645",155213,265765,"7584764",1,0,False
"75847644",228073,265765,"75847644",1,0,True
"75847643",265765,265758,"7584764",1,0,False
"75847642",271210,265758,"75847642",1,0,True
"75847641",265758,157221,"7584764",1,0,False
"75847637",157221,268378,"758476",1,0,False
"75847636",249909,268378,"75847636",1,0,True
"75847635",268378,199921,"758476",1,0,False
"75847634",217611,199921,"75847634",1,0,True
"75847633",199921,268380,"758476",1,0,False
"75847632",228306,268380,"75847632",1,0,True
"7581645",279564,279563,"758164",1,0,False
"75847631",268380,268388,"758476",1,0,False
"75847627",255019,69197,"7584762",1,0,True
"75847626",236580,69197,"75847626",1,0,True
"75847625",69197,195210,"7584762",1,0,False
"75847624",303719,195210,"75847624",1,0,True
"75847623",195210,255016,"7584762",1,0,False
"75847622",275024,255016,"75847622",1,0,True
"75847621",255016,268388,"7584762",1,0,False
"7584761",268388,230795,"758476",1,0,False
"758475",230795,125053,"7584",1,0,False
"758474",303896,125053,"758474",1,0,True
"758473",125053,190586,"7584",1,0,False
"7584723",292425,292423,"758472",1,0,True
"7584722",298988,292423,"7584722",1,0,True
"7584721",292423,190586,"758472",1,0,False
"758471",190586,230781,"7584",1,0,False
"75846993",230624,230616,"75846",1,0,True
"75846992",217768,230616,"75846992",1,0,True
"75846991",230616,230625,"75846",1,0,False
"7584698",288913,230625,"7584698",1,0,True
"7584697",230625,190535,"75846",1,0,False
"7584696",239552,190535,"7584696",1,0,True
"7584695",190535,230622,"75846",1,0,False
"7584694",250813,230622,"7584694",1,0,True
"7584693",230622,230621,"75846",1,0,False
"7584692",216949,230621,"7584692",1,0,True
"7584691",230621,22413,"75846",1,0,False
"7584685",277574,202401,"758468",1,0,True
"7584514",241744,230779,"7584514",1,0,True
"7584684",312854,202401,"7584684",1,0,True
"7584683",202401,277575,"758468",1,0,False
"7584682",309027,277575,"7584682",1,0,True
"7584681",277575,22413,"758468",1,0,False
"758467",22413,230605,"75846",1,0,False
"7584667",254722,151586,"758466",1,0,True
"7584513",230779,143584,"7584",1,0,False
"7584666",19014,151586,"7584666",1,0,True
"7584665",151586,254719,"758466",1,0,False
"7584664",251881,254719,"7584664",1,0,True
"7584663",254719,170007,"758466",1,0,False
"7584662",317682,170007,"7584662",1,0,True
"7584661",170007,230605,"758466",1,0,False
"7584653",230605,190536,"75846",1,0,False
"7584652",323205,190536,"7584652",1,0,True
"7584651",190536,190534,"75846",1,0,False
"758452",206631,106942,"758452",1,0,True
"7584519",106942,230786,"7584",1,0,False
"758464",221979,190534,"758464",1,0,True
"758463",190534,230617,"75846",1,0,False
"7584623",293724,293725,"758462",1,0,True
"7584622",218183,293725,"7584622",1,0,True
"7584621",293725,230617,"758462",1,0,False
"7584617",230617,48864,"75846",1,0,False
"7584616",288540,48864,"7584616",1,0,True
"7584615",48864,230619,"75846",1,0,False
"7584614",219294,230619,"7584614",1,0,True
"7584613",230619,230618,"75846",1,0,False
"7584612",201322,230618,"7584612",1,0,True
"7584611",230618,230781,"75846",1,0,False
"7584597",230781,230810,"7584",1,0,False
"7584596",269328,230810,"7584596",1,0,True
"7584595",230810,143591,"7584",1,0,False
"7584594",325943,143591,"7584594",1,0,True
"7584593",143591,143587,"7584",1,0,False
"7584592",283856,143587,"7584592",1,0,True
"7584591",143587,200620,"7584",1,0,False
"7584562",222485,144212,"7584562",1,0,True
"7584561",144212,190587,"758456",1,0,False
"7584589",325282,184527,"758458",1,0,True
"758455",190587,196213,"7584",1,0,False
"7584588",246867,184527,"7584588",1,0,True
"7584587",184527,184528,"758458",1,0,False
"75845869",214932,214934,"7584586",1,0,True
"75845868",253638,214934,"75845868",1,0,True
"75845867",214934,214933,"7584586",1,0,False
"75845866",325156,214933,"75845866",1,0,True
"75845865",214933,214931,"7584586",1,0,False
"75845864",122513,214931,"75845864",1,0,True
"75845863",214931,186241,"7584586",1,0,False
"75845862",54601,186241,"75845862",1,0,True
"75845861",186241,184528,"7584586",1,0,False
"7584585",184528,325283,"758458",1,0,False
"75845843",199968,268549,"7584584",1,0,True
"75845842",290617,268549,"75845842",1,0,True
"75845841",268549,325283,"7584584",1,0,False
"75845837",325283,325134,"758458",1,0,False
"75845836",248985,325134,"75845836",1,0,True
"75845835",325134,325278,"758458",1,0,False
"75845834",272960,325278,"75845834",1,0,True
"75845833",325278,184526,"758458",1,0,False
"75845832",167816,184526,"75845832",1,0,True
"75845831",184526,325258,"758458",1,0,False
"75845827",314744,179559,"7584582",1,0,True
"75845826",269694,179559,"75845826",1,0,True
"75845825",179559,314745,"7584582",1,0,False
"75845824",323718,314745,"75845824",1,0,True
"75845823",314745,212099,"7584582",1,0,False
"75845822",241486,212099,"75845822",1,0,True
"75845821",212099,325258,"7584582",1,0,False
"75845815",325258,215355,"758458",1,0,False
"75845814",306090,215355,"75845814",1,0,True
"75845813",215355,215354,"758458",1,0,False
"7584543",298986,208178,"758454",1,0,True
"75845812",323559,215354,"75845812",1,0,True
"75845811",215354,200620,"758458",1,0,False
"7584575",200620,230778,"7584",1,0,False
"7584574",282817,230778,"7584574",1,0,True
"7584573",230778,61298,"7584",1,0,False
"7584572",321226,61298,"7584572",1,0,True
"7584571",61298,190587,"7584",1,0,False
"7584569",238070,144211,"758456",1,0,True
"7584568",255289,144211,"7584568",1,0,True
"7584567",144211,190949,"758456",1,0,False
"7584566",274327,190949,"7584566",1,0,True
"7584565",190949,238065,"758456",1,0,False
"7584564",326004,238065,"7584564",1,0,True
"7584512",317950,143584,"7584512",1,0,True
"7584511",143584,143583,"7584",1,0,False
"75844997",219580,461409,"75844",1,0,True
"75844996",298106,461409,"75844996",1,0,True
"75844995",461409,122370,"75844",1,0,False
"75844994",218796,122370,"75844994",1,0,True
"75844993",122370,134354,"75844",1,0,False
"75844992",221708,134354,"75844992",1,0,True
"75844991",134354,109001,"75844",1,0,False
"75844983",130779,425963,"7584498",1,0,True
"75844982",312988,425963,"75844982",1,0,True
"75844981",425963,109001,"7584498",1,0,False
"7584497",109001,110780,"75844",1,0,False
"75844965",294858,207087,"7584496",1,0,True
"75844964",151504,207087,"75844964",1,0,True
"75844963",207087,294856,"7584496",1,0,False
"75844962",186377,294856,"75844962",1,0,True
"75844961",294856,110780,"7584496",1,0,False
"75844955",110780,219581,"75844",1,0,False
"75844954",278030,219581,"75844954",1,0,True
"75844953",219581,134356,"75844",1,0,False
"75844952",220791,134356,"75844952",1,0,True
"75844951",134356,129313,"75844",1,0,False
"7584494",203470,129313,"7584494",1,0,True
"75844933",129313,8237,"75844",1,0,False
"75844932",252011,8237,"75844932",1,0,True
"75844931",8237,102481,"75844",1,0,False
"7584492",308976,102481,"7584492",1,0,True
"75844915",102481,219576,"75844",1,0,False
"75844914",280435,219576,"75844914",1,0,True
"75844913",219576,100521,"75844",1,0,False
"75844912",256909,100521,"75844912",1,0,True
"75844911",100521,10656,"75844",1,0,False
"7584487",382220,382219,"758448",1,0,True
"7584486",26084,382219,"7584486",1,0,True
"7584485",382219,382262,"758448",1,0,False
"7584484",210618,382262,"7584484",1,0,True
"7584483",382262,100909,"758448",1,0,False
"7584482",279100,100909,"7584482",1,0,True
"7584481",100909,10656,"758448",1,0,False
"7584473",10656,50301,"75844",1,0,False
"75844725",443478,443354,"7584472",1,0,True
"75844724",232518,443354,"75844724",1,0,True
"75844723",443354,32489,"7584472",1,0,False
"75844722",286780,32489,"75844722",1,0,True
"75844721",32489,50301,"7584472",1,0,False
"7584471",50301,134352,"75844",1,0,False
"7584469",191429,174919,"758446",1,0,True
"7584468",191262,174919,"7584468",1,0,True
"7584467",174919,33615,"758446",1,0,False
"7584466",244048,33615,"7584466",1,0,True
"75844655",33615,39039,"758446",1,0,False
"75844654",254231,39039,"75844654",1,0,True
"75844653",39039,336885,"758446",1,0,False
"75844652",197477,336885,"75844652",1,0,True
"75844651",336885,336888,"758446",1,0,False
"75844643",322636,199522,"7584464",1,0,True
"75844642",239067,199522,"75844642",1,0,True
"75844641",199522,336888,"7584464",1,0,False
"7584463",336888,336886,"758446",1,0,False
"7584462",293748,336886,"7584462",1,0,True
"7584461",336886,134352,"758446",1,0,False
"75844595",134352,204992,"75844",1,0,False
"75844594",196000,204992,"75844594",1,0,True
"75844593",204992,186115,"75844",1,0,False
"75844592",241331,186115,"75844592",1,0,True
"75844591",186115,219577,"75844",1,0,False
"7584458",227784,219577,"7584458",1,0,True
"7584457",219577,43195,"75844",1,0,False
"7584456",223574,43195,"7584456",1,0,True
"7584455",43195,110122,"75844",1,0,False
"75844545",185572,133499,"7584454",1,0,True
"75844544",420142,133499,"75844544",1,0,True
"75844543",133499,48068,"7584454",1,0,False
"75844542",436881,48068,"75844542",1,0,True
"75844541",48068,110122,"7584454",1,0,False
"75844533",110122,86691,"75844",1,0,False
"75844532",311337,86691,"75844532",1,0,True
"75844531",86691,134353,"75844",1,0,False
"7584452",267510,134353,"7584452",1,0,True
"75844515",134353,219582,"75844",1,0,False
"75844514",276964,219582,"75844514",1,0,True
"75844513",219582,40505,"75844",1,0,False
"75844512",428111,40505,"75844512",1,0,True
"75844511",40505,219572,"75844",1,0,False
"7584449",257766,257759,"758444",1,0,True
"75844483",353358,353384,"7584448",1,0,True
"75844482",264453,353384,"75844482",1,0,True
"75844481",353384,257759,"7584448",1,0,False
"7584447",257759,257758,"758444",1,0,False
"7584446",244155,257758,"7584446",1,0,True
"7584445",257758,257757,"758444",1,0,False
"7584444",122883,257757,"7584444",1,0,True
"7584443",257757,257756,"758444",1,0,False
"75844423",253002,253007,"7584442",1,0,True
"75844422",348142,253007,"75844422",1,0,True
"75844421",253007,257756,"7584442",1,0,False
"75844413",257756,257767,"758444",1,0,False
"75844412",257925,257767,"75844412",1,0,True
"75844411",257767,219572,"758444",1,0,False
"7584439",219572,6346,"75844",1,0,False
"7584438",306734,6346,"7584438",1,0,True
"7584437",6346,574,"75844",1,0,False
"7584436",216372,574,"7584436",1,0,True
"7584435",574,219574,"75844",1,0,False
"7584434",135062,219574,"7584434",1,0,True
"7584433",219574,219579,"75844",1,0,False
"7584432",239494,219579,"7584432",1,0,True
"7584431",219579,219578,"75844",1,0,False
"75844295",373556,373553,"758442",1,0,True
"75844294",388761,373553,"75844294",1,0,True
"75844293",373553,102535,"758442",1,0,False
"75844292",291227,102535,"75844292",1,0,True
"75844291",102535,373551,"758442",1,0,False
"75844283",304221,304208,"7584428",1,0,True
"75844282",258171,304208,"75844282",1,0,True
"75844281",304208,373551,"7584428",1,0,False
"7584427",373551,373554,"758442",1,0,False
"75844269",456144,150130,"7584426",1,0,True
"75844268",138938,150130,"75844268",1,0,True
"75844267",150130,456143,"7584426",1,0,False
"75844266",235815,456143,"75844266",1,0,True
"75844265",456143,88779,"7584426",1,0,False
"75844264",301529,88779,"75844264",1,0,True
"75844263",88779,256480,"7584426",1,0,False
"75844262",216954,256480,"75844262",1,0,True
"75844261",256480,373554,"7584426",1,0,False
"75844255",373554,373550,"758442",1,0,False
"75844254",248195,373550,"75844254",1,0,True
"75844253",373550,373549,"758442",1,0,False
"75844252",299491,373549,"75844252",1,0,True
"75844251",373549,373557,"758442",1,0,False
"75844243",204577,75869,"7584424",1,0,True
"75844242",126866,75869,"75844242",1,0,True
"75844241",75869,373557,"7584424",1,0,False
"75844237",373557,126165,"758442",1,0,False
"75844236",251419,126165,"75844236",1,0,True
"75844235",126165,238156,"758442",1,0,False
"75844234",271139,238156,"75844234",1,0,True
"75844233",238156,238157,"758442",1,0,False
"75844232",268321,238157,"75844232",1,0,True
"75844231",238157,238152,"758442",1,0,False
"75844227",270934,200569,"7584422",1,0,True
"75844226",229107,200569,"75844226",1,0,True
"75844225",200569,270930,"7584422",1,0,False
"75844224",309363,270930,"75844224",1,0,True
"75844223",270930,158411,"7584422",1,0,False
"75844222",322794,158411,"75844222",1,0,True
"75844221",158411,238152,"7584422",1,0,False
"75844213",238152,238155,"758442",1,0,False
"75844212",314972,238155,"75844212",1,0,True
"75844211",238155,219578,"758442",1,0,False
"7584413",219578,219575,"75844",1,0,False
"7584412",273730,219575,"7584412",1,0,True
"7584411",219575,143583,"75844",1,0,False
"758435",143583,143588,"7584",1,0,False
"758434",283967,143588,"758434",1,0,True
"758433",143588,90456,"7584",1,0,False
"7584323",219151,219153,"758432",1,0,True
"7584322",44661,219153,"7584322",1,0,True
"7584321",219153,90456,"758432",1,0,False
"758431",90456,56269,"7584",1,0,False
"75842993",162727,126456,"75842",1,0,True
"75842992",224133,126456,"75842992",1,0,True
"75842991",126456,456041,"75842",1,0,False
"7584298",130994,456041,"7584298",1,0,True
"75842973",456041,456033,"75842",1,0,False
"75842972",235516,456033,"75842972",1,0,True
"75842971",456033,456039,"75842",1,0,False
"75842963",218083,218084,"7584296",1,0,True
"758429623",304680,126732,"75842962",1,0,True
"758429622",248328,126732,"758429622",1,0,True
"758429621",126732,218084,"75842962",1,0,False
"75842961",218084,456039,"7584296",1,0,False
"75842953",456039,456030,"75842",1,0,False
"75842952",279532,456030,"75842952",1,0,True
"75842951",456030,456032,"75842",1,0,False
"75842943",313916,95620,"7584294",1,0,True
"75842942",249610,95620,"75842942",1,0,True
"75842941",95620,456032,"7584294",1,0,False
"75842935",456032,456040,"75842",1,0,False
"75842934",218713,456040,"75842934",1,0,True
"75842933",456040,455931,"75842",1,0,False
"75842932",225586,455931,"75842932",1,0,True
"75842931",455931,456034,"75842",1,0,False
"7583645",325228,79496,"758364",1,0,True
"75842923",223181,432447,"7584292",1,0,True
"75842922",314469,432447,"75842922",1,0,True
"75842921",432447,456034,"7584292",1,0,False
"7584291",456034,455960,"75842",1,0,False
"7583644",223996,79496,"7583644",1,0,True
"7583643",79496,89952,"758364",1,0,False
"7584289",380649,206089,"758428",1,0,True
"7584288",55175,206089,"7584288",1,0,True
"7584287",206089,380650,"758428",1,0,False
"7584286",365995,380650,"7584286",1,0,True
"7584285",380650,380684,"758428",1,0,False
"7584284",333324,380684,"7584284",1,0,True
"7584283",380684,380670,"758428",1,0,False
"75842823",432378,432379,"7584282",1,0,True
"75842822",227543,432379,"75842822",1,0,True
"75842821",432379,380670,"7584282",1,0,False
"7584281",380670,455960,"758428",1,0,False
"7584277",455960,456035,"75842",1,0,False
"75842763",251099,36543,"7584276",1,0,True
"75842762",259423,36543,"75842762",1,0,True
"75842761",36543,456035,"7584276",1,0,False
"7584275",456035,162728,"75842",1,0,False
"7584274",310524,162728,"7584274",1,0,True
"7584273",162728,456042,"75842",1,0,False
"7584272",125823,456042,"7584272",1,0,True
"7584271",456042,456031,"75842",1,0,False
"7584265",375927,375929,"758426",1,0,True
"7584264",244910,375929,"7584264",1,0,True
"7584263",375929,375924,"758426",1,0,False
"75842623",294700,294701,"7584262",1,0,True
"75842622",231320,294701,"75842622",1,0,True
"75842621",294701,375924,"7584262",1,0,False
"7584261",375924,456031,"758426",1,0,False
"758425",456031,21305,"75842",1,0,False
"7584249",317749,317750,"758424",1,0,True
"7584248",255155,317750,"7584248",1,0,True
"7584247",317750,123707,"758424",1,0,False
"7584246",222114,123707,"7584246",1,0,True
"7584245",123707,353188,"758424",1,0,False
"7584244",353445,353188,"7584244",1,0,True
"7584243",353188,341715,"758424",1,0,False
"7584242",176638,341715,"7584242",1,0,True
"7584241",341715,21305,"758424",1,0,False
"75842395",21305,280547,"75842",1,0,False
"75842394",237467,280547,"75842394",1,0,True
"75842393",280547,162726,"75842",1,0,False
"75842392",279524,162726,"75842392",1,0,True
"75842391",162726,280502,"75842",1,0,False
"7584238",245678,280502,"7584238",1,0,True
"7584237",280502,280498,"75842",1,0,False
"75842363",275931,275930,"7584236",1,0,True
"75842362",322529,275930,"75842362",1,0,True
"7583642",222710,89952,"7583642",1,0,True
"7583641",89952,214337,"758364",1,0,False
"75842361",275930,280498,"7584236",1,0,False
"7584235",280498,280593,"75842",1,0,False
"7584234",269775,280593,"7584234",1,0,True
"758363",214337,1314,"75836",1,0,False
"7584233",280593,280609,"75842",1,0,False
"75842323",258442,153358,"7584232",1,0,True
"75842322",219927,153358,"75842322",1,0,True
"75842321",153358,280609,"7584232",1,0,False
"75842315",280609,206575,"75842",1,0,False
"75842314",310247,206575,"75842314",1,0,True
"75842313",206575,280608,"75842",1,0,False
"75842312",317952,280608,"75842312",1,0,True
"75842311",280608,280586,"75842",1,0,False
"7584229",303398,303397,"758422",1,0,True
"7584228",283853,303397,"7584228",1,0,True
"7584227",303397,303399,"758422",1,0,False
"7584226",325782,303399,"7584226",1,0,True
"7584225",303399,21125,"758422",1,0,False
"7584224",314449,21125,"7584224",1,0,True
"7584223",21125,303402,"758422",1,0,False
"7584222",226475,303402,"7584222",1,0,True
"7584221",303402,280586,"758422",1,0,False
"758421",280586,56269,"75842",1,0,False
"758417",56269,190584,"7584",1,0,False
"7584163",312959,312963,"758416",1,0,True
"7584162",251312,312963,"7584162",1,0,True
"7584161",312963,190584,"758416",1,0,False
"758415",190584,143582,"7584",1,0,False
"7584143",216976,185445,"758414",1,0,True
"7584142",248421,185445,"7584142",1,0,True
"7584141",185445,143582,"758414",1,0,False
"758413",143582,230782,"7584",1,0,False
"7584123",176916,210720,"758412",1,0,True
"7584122",274102,210720,"7584122",1,0,True
"7584121",210720,230782,"758412",1,0,False
"758411",230782,277235,"7584",1,0,False
"758393",277235,37395,"758",1,0,False
"758392",193861,37395,"758392",1,0,True
"758391",37395,113828,"758",1,0,False
"758385",285211,285212,"75838",1,0,True
"758384",307246,285212,"758384",1,0,True
"758383",285212,285210,"75838",1,0,False
"758382",65492,285210,"758382",1,0,True
"758381",285210,113828,"75838",1,0,False
"75837",113828,277244,"758",1,0,False
"758367",116279,322722,"75836",1,0,True
"758366",221770,322722,"758366",1,0,True
"758365",322722,214337,"75836",1,0,False
"758362",274411,1314,"758362",1,0,True
"758361",1314,277244,"75836",1,0,False
"758355",277244,277245,"758",1,0,False
"758354",222444,277245,"758354",1,0,True
"758353",277245,93313,"758",1,0,False
"7583523",281774,99517,"758352",1,0,True
"7583522",271127,99517,"7583522",1,0,True
"7583521",99517,93313,"758352",1,0,False
"758351",93313,277226,"758",1,0,False
"758349",300352,300349,"75834",1,0,True
"758348",223613,300349,"758348",1,0,True
"758347",300349,300355,"75834",1,0,False
"758346",287420,300355,"758346",1,0,True
"758345",300355,300348,"75834",1,0,False
"7583443",310438,310439,"758344",1,0,True
"7583442",222260,310439,"7583442",1,0,True
"7583441",310439,300348,"758344",1,0,False
"758343",300348,36234,"75834",1,0,False
"758342",306467,36234,"758342",1,0,True
"758341",36234,277226,"75834",1,0,False
"758333",277226,277233,"758",1,0,False
"758332",311221,277233,"758332",1,0,True
"758331",277233,277251,"758",1,0,False
"758327",289469,60150,"75832",1,0,True
"758326",234420,60150,"758326",1,0,True
"758325",60150,289470,"75832",1,0,False
"758324",29214,289470,"758324",1,0,True
"758323",289470,51182,"75832",1,0,False
"758322",321526,51182,"758322",1,0,True
"758321",51182,277251,"75832",1,0,False
"758315",277251,277230,"758",1,0,False
"758314",144368,277230,"758314",1,0,True
"758313",277230,106254,"758",1,0,False
"758312",241052,106254,"758312",1,0,True
"758311",106254,277237,"758",1,0,False
"758299",354405,126683,"7582",1,0,True
"758298",231854,126683,"758298",1,0,True
"758297",126683,115282,"7582",1,0,False
"758296",289802,115282,"758296",1,0,True
"758295",115282,232964,"7582",1,0,False
"758294",242409,232964,"758294",1,0,True
"758293",232964,141047,"7582",1,0,False
"758292",305692,141047,"758292",1,0,True
"758291",141047,354404,"7582",1,0,False
"758285",383133,131931,"75828",1,0,True
"758284",273429,131931,"758284",1,0,True
"758283",131931,383135,"75828",1,0,False
"758282",368128,383135,"758282",1,0,True
"758281",383135,354404,"75828",1,0,False
"758273",354404,232952,"7582",1,0,False
"758272",219974,232952,"758272",1,0,True
"758271",232952,232963,"7582",1,0,False
"758269",270765,270769,"75826",1,0,True
"758268",244866,270769,"758268",1,0,True
"7582673",270769,270768,"75826",1,0,False
"7582672",238098,270768,"7582672",1,0,True
"7582671",270768,270771,"75826",1,0,False
"758266",230305,270771,"758266",1,0,True
"758265",270771,270770,"75826",1,0,False
"758264",222150,270770,"758264",1,0,True
"758263",270770,270766,"75826",1,0,False
"758262",238953,270766,"758262",1,0,True
"7582615",270766,193107,"75826",1,0,False
"7582614",256773,193107,"7582614",1,0,True
"7582613",193107,270767,"75826",1,0,False
"7582612",303197,270767,"7582612",1,0,True
"7582611",270767,232963,"75826",1,0,False
"758255",232963,232955,"7582",1,0,False
"7582543",206992,167975,"758254",1,0,True
"7582542",145758,167975,"7582542",1,0,True
"7582541",167975,232955,"758254",1,0,False
"758253",232955,56889,"7582",1,0,False
"7582525",295617,295613,"758252",1,0,True
"7582524",248235,295613,"7582524",1,0,True
"7582523",295613,295616,"758252",1,0,False
"7582522",265671,295616,"7582522",1,0,True
"7582521",295616,56889,"758252",1,0,False
"758251",56889,232954,"7582",1,0,False
"7582493",323597,323600,"75824",1,0,True
"7582492",222466,323600,"7582492",1,0,True
"7582491",323600,214600,"75824",1,0,False
"758248",220276,214600,"758248",1,0,True
"7582475",214600,104048,"75824",1,0,False
"7582474",292329,104048,"7582474",1,0,True
"7582473",104048,214602,"75824",1,0,False
"7582472",238887,214602,"7582472",1,0,True
"7582471",214602,323598,"75824",1,0,False
"7582463",236194,190238,"758246",1,0,True
"7582462",279358,190238,"7582462",1,0,True
"7582461",190238,323598,"758246",1,0,False
"758245",323598,214603,"75824",1,0,False
"758244",319888,214603,"758244",1,0,True
"7582437",214603,214599,"75824",1,0,False
"7582436",259573,214599,"7582436",1,0,True
"7582435",214599,323599,"75824",1,0,False
"7582434",222412,323599,"7582434",1,0,True
"7582433",323599,323594,"75824",1,0,False
"7582432",63355,323594,"7582432",1,0,True
"7582431",323594,323596,"75824",1,0,False
"758242",229483,323596,"758242",1,0,True
"758241",323596,232954,"75824",1,0,False
"758235",232954,232956,"7582",1,0,False
"758234",266629,232956,"758234",1,0,True
"758233",232956,232950,"7582",1,0,False
"758232",318050,232950,"758232",1,0,True
"758231",232950,232949,"7582",1,0,False
"7582297",124721,211543,"75822",1,0,True
"7582296",91078,211543,"7582296",1,0,True
"7582295",211543,183580,"75822",1,0,False
"7582294",217986,183580,"7582294",1,0,True
"7582293",183580,183584,"75822",1,0,False
"75822923",239193,239194,"7582292",1,0,True
"75822922",210585,239194,"75822922",1,0,True
"75822921",239194,183584,"7582292",1,0,False
"7582291",183584,183581,"75822",1,0,False
"758228",221754,183581,"758228",1,0,True
"758227",183581,114309,"75822",1,0,False
"758226",122812,114309,"758226",1,0,True
"758225",114309,183577,"75822",1,0,False
"7582245",322880,214408,"758224",1,0,True
"7582244",189462,214408,"7582244",1,0,True
"7582243",214408,322913,"758224",1,0,False
"7582242",296773,322913,"7582242",1,0,True
"7582241",322913,183577,"758224",1,0,False
"7582237",183577,183576,"75822",1,0,False
"7582236",273414,183576,"7582236",1,0,True
"7582235",183576,183583,"75822",1,0,False
"7582234",196569,183583,"7582234",1,0,True
"7582233",183583,183582,"75822",1,0,False
"7582232",175528,183582,"7582232",1,0,True
"7582231",183582,183585,"75822",1,0,False
"7582227",202419,277614,"758222",1,0,True
"7582226",293558,277614,"7582226",1,0,True
"7582225",277614,277622,"758222",1,0,False
"7582224",290325,277622,"7582224",1,0,True
"7582223",277622,277685,"758222",1,0,False
"7582222",282261,277685,"7582222",1,0,True
"7582221",277685,183585,"758222",1,0,False
"7582213",183585,88448,"75822",1,0,False
"7582212",249625,88448,"7582212",1,0,True
"7582211",88448,232949,"75822",1,0,False
"758219",232949,232947,"7582",1,0,False
"758218",280379,232947,"758218",1,0,True
"758217",232947,141048,"7582",1,0,False
"7582163",310083,210875,"758216",1,0,True
"7582162",257177,210875,"7582162",1,0,True
"7582161",210875,141048,"758216",1,0,False
"7582155",141048,141045,"7582",1,0,False
"7582154",144078,141045,"7582154",1,0,True
"7582153",141045,232951,"7582",1,0,False
"7582152",274173,232951,"7582152",1,0,True
"7582151",232951,189306,"7582",1,0,False
"758214",315986,189306,"758214",1,0,True
"758213",189306,63690,"7582",1,0,False
"758212",32692,63690,"758212",1,0,True
"758211",63690,277237,"7582",1,0,False
"7581999",277237,277249,"758",1,0,False
"7581998",137437,277249,"7581998",1,0,True
"7581997",277249,202322,"758",1,0,False
"7581996",256396,202322,"7581996",1,0,True
"7581995",202322,277215,"758",1,0,False
"7581994",304534,277215,"7581994",1,0,True
"7581993",277215,161142,"758",1,0,False
"7581992",254374,161142,"7581992",1,0,True
"7581991",161142,277180,"758",1,0,False
"75819895",281272,203537,"758198",1,0,True
"75819894",223575,203537,"75819894",1,0,True
"75819893",203537,281283,"758198",1,0,False
"75819892",288677,281283,"75819892",1,0,True
"75819891",281283,15986,"758198",1,0,False
"75819883",134830,218783,"7581988",1,0,True
"75819882",36512,218783,"75819882",1,0,True
"75819881",218783,15986,"7581988",1,0,False
"75819873",15986,44698,"758198",1,0,False
"758198723",225416,108608,"75819872",1,0,True
"758198722",260606,108608,"758198722",1,0,True
"758198721",108608,44698,"75819872",1,0,False
"75819871",44698,162795,"758198",1,0,False
"75819863",209120,303673,"7581986",1,0,True
"75819862",134812,303673,"75819862",1,0,True
"75819861",303673,162795,"7581986",1,0,False
"75819859",162795,281284,"758198",1,0,False
"75819858",234800,281284,"75819858",1,0,True
"75819857",281284,281282,"758198",1,0,False
"75819856",170393,281282,"75819856",1,0,True
"758198553",281282,126246,"758198",1,0,False
"758198552",284235,126246,"758198552",1,0,True
"758198551",126246,281287,"758198",1,0,False
"75819854",313823,281287,"75819854",1,0,True
"75819853",281287,281285,"758198",1,0,False
"75819852",304069,281285,"75819852",1,0,True
"75819851",281285,281286,"758198",1,0,False
"75819843",302421,302422,"7581984",1,0,True
"75819842",262477,302422,"75819842",1,0,True
"75819841",302422,281286,"7581984",1,0,False
"7581983",281286,281270,"758198",1,0,False
"7581982",212241,281270,"7581982",1,0,True
"7581981",281270,277180,"758198",1,0,False
"7581979",277180,176798,"758",1,0,False
"7581978",292399,176798,"7581978",1,0,True
"75819773",176798,277213,"758",1,0,False
"75819772",181249,277213,"75819772",1,0,True
"75819771",277213,75914,"758",1,0,False
"7581976",296962,75914,"7581976",1,0,True
"7581975",75914,277250,"758",1,0,False
"75819743",321173,321176,"7581974",1,0,True
"75819742",307646,321176,"75819742",1,0,True
"75819741",321176,277250,"7581974",1,0,False
"7581973",277250,277239,"758",1,0,False
"7581972",274888,277239,"7581972",1,0,True
"7581971",277239,277224,"758",1,0,False
"7581967",298773,298770,"758196",1,0,True
"7581966",253659,298770,"7581966",1,0,True
"7581965",298770,208109,"758196",1,0,False
"7581964",144738,208109,"7581964",1,0,True
"7581963",208109,298774,"758196",1,0,False
"7581962",305548,298774,"7581962",1,0,True
"7581961",298774,277224,"758196",1,0,False
"758195",277224,277238,"758",1,0,False
"7581949",277007,277002,"758194",1,0,True
"7581948",303512,277002,"7581948",1,0,True
"7581947",277002,277004,"758194",1,0,False
"75819463",265314,155041,"7581946",1,0,True
"75819462",125371,155041,"75819462",1,0,True
"75819461",155041,277004,"7581946",1,0,False
"7581945",277004,277006,"758194",1,0,False
"7581944",198488,277006,"7581944",1,0,True
"7581943",277006,277005,"758194",1,0,False
"7581942",289721,277005,"7581942",1,0,True
"7581941",277005,277238,"758194",1,0,False
"7581935",277238,277149,"758",1,0,False
"7581934",274027,277149,"7581934",1,0,True
"7581933",277149,277220,"758",1,0,False
"7581932",188707,277220,"7581932",1,0,True
"7581931",277220,277243,"758",1,0,False
"7581929",300343,42125,"758192",1,0,True
"7581928",293029,42125,"7581928",1,0,True
"7581927",42125,300341,"758192",1,0,False
"7581926",44059,300341,"7581926",1,0,True
"7581925",300341,172468,"758192",1,0,False
"7581924",314491,172468,"7581924",1,0,True
"75819233",172468,300344,"758192",1,0,False
"75819232",245157,300344,"75819232",1,0,True
"75819231",300344,300345,"758192",1,0,False
"7581922",218651,300345,"7581922",1,0,True
"7581921",300345,277243,"758192",1,0,False
"75819193",277243,122398,"758",1,0,False
"75819192",183727,122398,"75819192",1,0,True
"75819191",122398,333059,"758",1,0,False
"75819183",265331,265332,"7581918",1,0,True
"75819182",307786,265332,"75819182",1,0,True
"75819181",265332,333059,"7581918",1,0,False
"75819173",333059,333100,"758",1,0,False
"75819172",319782,333100,"75819172",1,0,True
"75819171",333100,333095,"758",1,0,False
"75819165",365938,365937,"7581916",1,0,True
"75819164",84652,365937,"75819164",1,0,True
"75819163",365937,168046,"7581916",1,0,False
"75819162",101735,168046,"75819162",1,0,True
"75819161",168046,333095,"7581916",1,0,False
"75819157",333095,62864,"758",1,0,False
"75819156",281703,62864,"75819156",1,0,True
"75819155",62864,196427,"758",1,0,False
"75819154",139929,196427,"75819154",1,0,True
"75819153",196427,333102,"758",1,0,False
"75819152",318852,333102,"75819152",1,0,True
"75819151",333102,333074,"758",1,0,False
"758191493",274975,53224,"7581914",1,0,True
"758191492",239764,53224,"758191492",1,0,True
"758191491",53224,274977,"7581914",1,0,False
"75819148",199155,274977,"75819148",1,0,True
"75819147",274977,274974,"7581914",1,0,False
"75819146",211995,274974,"75819146",1,0,True
"75819145",274974,117967,"7581914",1,0,False
"75819144",49154,117967,"75819144",1,0,True
"75819143",117967,274976,"7581914",1,0,False
"75819142",52297,274976,"75819142",1,0,True
"758191413",274976,201744,"7581914",1,0,False
"758191412",187137,201744,"758191412",1,0,True
"758191411",201744,333074,"7581914",1,0,False
"75819139",333074,333116,"758",1,0,False
"758191383",448595,271854,"75819138",1,0,True
"758191382",240858,271854,"758191382",1,0,True
"758191381",271854,333116,"75819138",1,0,False
"758191379",333116,333073,"758",1,0,False
"758191378",139419,333073,"758191378",1,0,True
"758191377",333073,129454,"758",1,0,False
"758191376",331025,129454,"758191376",1,0,True
"758191375",129454,97730,"758",1,0,False
"758191374",248475,97730,"758191374",1,0,True
"758191373",97730,333054,"758",1,0,False
"7581913725",373167,85162,"758191372",1,0,True
"7581913724",233553,85162,"7581913724",1,0,True
"7581913723",85162,95200,"758191372",1,0,False
"7581913722",102340,95200,"7581913722",1,0,True
"7581913721",95200,333054,"758191372",1,0,False
"758191371",333054,333118,"758",1,0,False
"758191365",420558,178980,"75819136",1,0,True
"758191364",127129,178980,"758191364",1,0,True
"758191363",178980,147193,"75819136",1,0,False
"758191362",288909,147193,"758191362",1,0,True
"758191361",147193,333118,"75819136",1,0,False
"75819135",333118,333114,"758",1,0,False
"758191343",323305,323306,"75819134",1,0,True
"758191342",204655,323306,"758191342",1,0,True
"758191341",323306,333114,"75819134",1,0,False
"758191335",333114,330388,"758",1,0,False
"758191334",220318,330388,"758191334",1,0,True
"758191333",330388,333107,"758",1,0,False
"758191332",247890,333107,"758191332",1,0,True
"758191331",333107,80346,"758",1,0,False
"758191323",156314,362658,"75819132",1,0,True
"758191322",164334,362658,"758191322",1,0,True
"758191321",362658,80346,"75819132",1,0,False
"758191315",80346,333103,"758",1,0,False
"758191314",337211,333103,"758191314",1,0,True
"758191313",333103,114590,"758",1,0,False
"7581913123",302401,302402,"758191312",1,0,True
"7581913122",147247,302402,"7581913122",1,0,True
"7581913121",302402,114590,"758191312",1,0,False
"758191311",114590,333092,"758",1,0,False
"75819125",254362,597,"7581912",1,0,True
"75819124",297991,597,"75819124",1,0,True
"75819123",597,112414,"7581912",1,0,False
"758191223",263742,87887,"75819122",1,0,True
"758191222",72237,87887,"758191222",1,0,True
"758191221",87887,112414,"75819122",1,0,False
"75819121",112414,333092,"7581912",1,0,False
"75819113",333092,161141,"758",1,0,False
"75819112",301500,161141,"75819112",1,0,True
"75819111",161141,333101,"758",1,0,False
"7581899",254068,93149,"75818",1,0,True
"7581898",208216,93149,"7581898",1,0,True
"7581897",93149,53465,"75818",1,0,False
"75818963",288006,288005,"7581896",1,0,True
"75818962",299534,288005,"75818962",1,0,True
"75818961",288005,53465,"7581896",1,0,False
"7581895",53465,254070,"75818",1,0,False
"75818943",55913,222993,"7581894",1,0,True
"75818942",243462,222993,"75818942",1,0,True
"75818941",222993,254070,"7581894",1,0,False
"7581893",254070,254069,"75818",1,0,False
"7581892",220871,254069,"7581892",1,0,True
"75818913",254069,415305,"75818",1,0,False
"75818912",137419,415305,"75818912",1,0,True
"75818911",415305,415307,"75818",1,0,False
"7581883",232882,114034,"758188",1,0,True
"7581882",154713,114034,"7581882",1,0,True
"7581881",114034,415307,"758188",1,0,False
"758187",415307,415304,"75818",1,0,False
"7581865",237656,450749,"758186",1,0,True
"7581864",84118,450749,"7581864",1,0,True
"7581863",450749,450821,"758186",1,0,False
"7581862",10921,450821,"7581862",1,0,True
"7581861",450821,415304,"758186",1,0,False
"758185",415304,415310,"75818",1,0,False
"75818493",241413,90055,"758184",1,0,True
"75818492",332583,90055,"75818492",1,0,True
"75818491",90055,332588,"758184",1,0,False
"7581848",303325,332588,"7581848",1,0,True
"75818473",332588,332589,"758184",1,0,False
"75818472",193087,332589,"75818472",1,0,True
"75818471",332589,241416,"758184",1,0,False
"75818463",250120,56019,"7581846",1,0,True
"75818462",211319,56019,"75818462",1,0,True
"75818461",56019,241416,"7581846",1,0,False
"7581845",241416,89731,"758184",1,0,False
"7581844",163416,89731,"7581844",1,0,True
"7581843",89731,332590,"758184",1,0,False
"7581842",195547,332590,"7581842",1,0,True
"75818413",332590,106944,"758184",1,0,False
"75818412",315910,106944,"75818412",1,0,True
"75818411",106944,415310,"758184",1,0,False
"75818395",415310,415306,"75818",1,0,False
"75818394",305235,415306,"75818394",1,0,True
"75818393",415306,415311,"75818",1,0,False
"75818392",124896,415311,"75818392",1,0,True
"75818391",415311,47359,"75818",1,0,False
"75818385",175469,244571,"7581838",1,0,True
"75818384",290219,244571,"75818384",1,0,True
"75818383",244571,245450,"7581838",1,0,False
"75818382",224632,245450,"75818382",1,0,True
"75818381",245450,47359,"7581838",1,0,False
"7581837",47359,254067,"75818",1,0,False
"7581836",325274,254067,"7581836",1,0,True
"75818353",254067,110179,"75818",1,0,False
"75818352",232506,110179,"75818352",1,0,True
"75818351",110179,415312,"75818",1,0,False
"7581834",225921,415312,"7581834",1,0,True
"7581833",415312,122466,"75818",1,0,False
"7581832",207970,122466,"7581832",1,0,True
"7581831",122466,72185,"75818",1,0,False
"7581829",332812,332781,"758182",1,0,True
"7581828",98692,332781,"7581828",1,0,True
"7581827",332781,332672,"758182",1,0,False
"7581826",199908,332672,"7581826",1,0,True
"75818253",332672,332808,"758182",1,0,False
"75818252",167003,332808,"75818252",1,0,True
"75818251",332808,332811,"758182",1,0,False
"7581824",39370,332811,"7581824",1,0,True
"7581823",332811,332790,"758182",1,0,False
"7581822",405774,332790,"7581822",1,0,True
"7581821",332790,72185,"758182",1,0,False
"758181",72185,333101,"75818",1,0,False
"758175",333101,333093,"758",1,0,False
"7581745",208038,172131,"758174",1,0,True
"7581744",191955,172131,"7581744",1,0,True
"7581743",172131,172130,"758174",1,0,False
"7581742",191998,172130,"7581742",1,0,True
"7581741",172130,333093,"758174",1,0,False
"758173",333093,333117,"758",1,0,False
"758172",300265,333117,"758172",1,0,True
"758171",333117,127408,"758",1,0,False
"7581699",116198,161546,"75816",1,0,True
"7581698",326728,161546,"7581698",1,0,True
"7581697",161546,411020,"75816",1,0,False
"7581696",291486,411020,"7581696",1,0,True
"7581695",411020,411024,"75816",1,0,False
"7581694",277141,411024,"7581694",1,0,True
"7581693",411024,411018,"75816",1,0,False
"7581692",159981,411018,"7581692",1,0,True
"7581691",411018,411019,"75816",1,0,False
"7581683",239031,239030,"758168",1,0,True
"7581644",229174,279563,"7581644",1,0,True
"7581643",279563,279566,"758164",1,0,False
"7581642",281042,279566,"7581642",1,0,True
"7581641",279566,411025,"758164",1,0,False
"758163",411025,411023,"75816",1,0,False
"758162",62829,411023,"758162",1,0,True
"758161",411023,127408,"75816",1,0,False
"758153",127408,333106,"758",1,0,False
"7581527",437707,437709,"758152",1,0,True
"7581526",190251,437709,"7581526",1,0,True
"7581525",437709,437711,"758152",1,0,False
"7581524",199759,437711,"7581524",1,0,True
"7581523",437711,437710,"758152",1,0,False
"7581522",126824,437710,"7581522",1,0,True
"7581521",437710,333106,"758152",1,0,False
"758151",333106,161143,"758",1,0,False
"7581497",133614,217681,"75814",1,0,True
"7581496",255277,217681,"7581496",1,0,True
"7581495",217681,52692,"75814",1,0,False
"7581494",210991,52692,"7581494",1,0,True
"7581493",52692,34299,"75814",1,0,False
"75814923",234679,234680,"7581492",1,0,True
"75814922",254647,234680,"75814922",1,0,True
"75814921",234680,34299,"7581492",1,0,False
"7581491",34299,185637,"75814",1,0,False
"758148",230116,185637,"758148",1,0,True
"7581477",185637,217687,"75814",1,0,False
"7581476",313974,217687,"7581476",1,0,True
"7581475",217687,93846,"75814",1,0,False
"75814743",306629,306628,"7581474",1,0,True
"75814742",238790,306628,"75814742",1,0,True
"75814741",306628,93846,"7581474",1,0,False
"7581473",93846,92197,"75814",1,0,False
"7581472",279885,92197,"7581472",1,0,True
"7581471",92197,217686,"75814",1,0,False
"7581463",268893,200038,"758146",1,0,True
"7581462",182629,200038,"7581462",1,0,True
"7581461",200038,217686,"758146",1,0,False
"7581457",217686,112619,"75814",1,0,False
"7581456",213190,112619,"7581456",1,0,True
"7581455",112619,185636,"75814",1,0,False
"7581454",311394,185636,"7581454",1,0,True
"7581453",185636,133613,"75814",1,0,False
"7581452",267480,133613,"7581452",1,0,True
"7581451",133613,330064,"75814",1,0,False
"7581443",12802,17080,"758144",1,0,True
"7581442",286592,17080,"7581442",1,0,True
"7581441",17080,330064,"758144",1,0,False
"7581435",330064,330056,"75814",1,0,False
"7581434",185730,330056,"7581434",1,0,True
"7581433",330056,330059,"75814",1,0,False
"7581432",290910,330059,"7581432",1,0,True
"7581431",330059,28786,"75814",1,0,False
"758142",296136,28786,"758142",1,0,True
"7581413",28786,330060,"75814",1,0,False
"7581412",224237,330060,"7581412",1,0,True
"7581411",330060,161143,"75814",1,0,False
"7581393",161143,333115,"758",1,0,False
"7581392",241117,333115,"7581392",1,0,True
"7581391",333115,333098,"758",1,0,False
"7581387",380919,357807,"758138",1,0,True
"7581386",357869,357807,"7581386",1,0,True
"7581385",357807,357831,"758138",1,0,False
"7581384",255314,357831,"7581384",1,0,True
"7581383",357831,357905,"758138",1,0,False
"7581382",145638,357905,"7581382",1,0,True
"7581381",357905,333098,"758138",1,0,False
"7581379",333098,73847,"758",1,0,False
"7581378",229951,73847,"7581378",1,0,True
"75813775",73847,333099,"758",1,0,False
"75813774",268119,333099,"75813774",1,0,True
"75813773",333099,333063,"758",1,0,False
"75813772",272499,333063,"75813772",1,0,True
"75813771",333063,99518,"758",1,0,False
"75813767",222346,89946,"7581376",1,0,True
"75813766",316378,89946,"75813766",1,0,True
"75813765",89946,89317,"7581376",1,0,False
"75813764",346448,89317,"75813764",1,0,True
"75813763",89317,411500,"7581376",1,0,False
"758137623",411493,228083,"75813762",1,0,True
"758137622",280601,228083,"758137622",1,0,True
"758137621",228083,411500,"75813762",1,0,False
"75813761",411500,99518,"7581376",1,0,False
"7581375",99518,306306,"758",1,0,False
"7581374",306365,306306,"7581374",1,0,True
"7581373",306306,48114,"758",1,0,False
"7581372",315322,48114,"7581372",1,0,True
"75813713",48114,333061,"758",1,0,False
"75813712",238131,333061,"75813712",1,0,True
"75813711",333061,161146,"758",1,0,False
"7581369",34886,217643,"758136",1,0,True
"7581368",66117,217643,"7581368",1,0,True
"7581367",217643,396985,"758136",1,0,False
"7581366",396979,396985,"7581366",1,0,True
"7581365",396985,396981,"758136",1,0,False
"7581364",437681,396981,"7581364",1,0,True
"7581363",396981,396982,"758136",1,0,False
"7581362",293751,396982,"7581362",1,0,True
"7581361",396982,161146,"758136",1,0,False
"7581355",161146,4769,"758",1,0,False
"7581354",294220,4769,"7581354",1,0,True
"7581353",4769,44506,"758",1,0,False
"7581352",231980,44506,"7581352",1,0,True
"7581351",44506,333091,"758",1,0,False
"75813495",216202,197141,"758134",1,0,True
"75813494",265831,197141,"75813494",1,0,True
"75813493",197141,48872,"758134",1,0,False
"75813492",307764,48872,"75813492",1,0,True
"75813491",48872,415315,"758134",1,0,False
"75813483",415303,310470,"7581348",1,0,True
"75813482",226034,310470,"75813482",1,0,True
"75813481",310470,415315,"7581348",1,0,False
"75813473",415315,415308,"758134",1,0,False
"75813472",217890,415308,"75813472",1,0,True
"75813471",415308,415313,"758134",1,0,False
"7581346",407974,415313,"7581346",1,0,True
"7581345",415313,109897,"758134",1,0,False
"7581344",358077,109897,"7581344",1,0,True
"75813435",109897,90511,"758134",1,0,False
"75813434",244371,90511,"75813434",1,0,True
"75813433",90511,415309,"758134",1,0,False
"75813432",416393,415309,"75813432",1,0,True
"75813431",415309,415504,"758134",1,0,False
"7581342",415503,415504,"7581342",1,0,True
"75813413",415504,415502,"758134",1,0,False
"75813412",127183,415502,"75813412",1,0,True
"75813411",415502,333091,"758134",1,0,False
"7581335",333091,74406,"758",1,0,False
"7581334",243342,74406,"7581334",1,0,True
"7581333",74406,333119,"758",1,0,False
"7581332",142359,333119,"7581332",1,0,True
"7581331",333119,39455,"758",1,0,False
"75813297",269877,441649,"758132",1,0,True
"75813296",204274,441649,"75813296",1,0,True
"75813295",441649,269878,"758132",1,0,False
"75813294",280932,269878,"75813294",1,0,True
"75813293",269878,441657,"758132",1,0,False
"75813292",292332,441657,"75813292",1,0,True
"75813291",441657,441652,"758132",1,0,False
"7581328",346488,441652,"7581328",1,0,True
"7581327",441652,441648,"758132",1,0,False
"75813263",452243,452242,"7581326",1,0,True
"75813262",276169,452242,"75813262",1,0,True
"75813261",452242,441648,"7581326",1,0,False
"75813253",441648,441651,"758132",1,0,False
"75813252",422282,441651,"75813252",1,0,True
"75813251",441651,441654,"758132",1,0,False
"7581324",217833,441654,"7581324",1,0,True
"7581323",441654,441653,"758132",1,0,False
"7581322",241358,441653,"7581322",1,0,True
"75813213",441653,441656,"758132",1,0,False
"75813212",349085,441656,"75813212",1,0,True
"75813211",441656,39455,"758132",1,0,False
"758131",39455,92723,"758",1,0,False
"75812995",458076,458071,"75812",1,0,True
"75812994",46233,458071,"75812994",1,0,True
"75812993",458071,458078,"75812",1,0,False
"75812992",159204,458078,"75812992",1,0,True
"75812991",458078,458056,"75812",1,0,False
"7581298",268350,458056,"7581298",1,0,True
"7581297",458056,82145,"75812",1,0,False
"7581296",229550,82145,"7581296",1,0,True
"75812955",82145,135578,"75812",1,0,False
"75812954",289916,135578,"75812954",1,0,True
"75812953",135578,458070,"75812",1,0,False
"75812952",275118,458070,"75812952",1,0,True
"75812951",458070,10354,"75812",1,0,False
"75812943",284436,284454,"7581294",1,0,True
"75812942",222248,284454,"75812942",1,0,True
"75812941",284454,10354,"7581294",1,0,False
"75812937",10354,458067,"75812",1,0,False
"75812936",310882,458067,"75812936",1,0,True
"75812935",458067,51287,"75812",1,0,False
"75812934",381055,51287,"75812934",1,0,True
"75812933",51287,45477,"75812",1,0,False
"75812932",314796,45477,"75812932",1,0,True
"75812931",45477,74973,"75812",1,0,False
"7581292",281556,74973,"7581292",1,0,True
"75812913",74973,76375,"75812",1,0,False
"75812912",235107,76375,"75812912",1,0,True
"75812911",76375,458066,"75812",1,0,False
"758128",348880,458066,"758128",1,0,True
"758127",458066,458072,"75812",1,0,False
"7581269",432512,173074,"758126",1,0,True
"7581268",59133,173074,"7581268",1,0,True
"7581267",173074,432513,"758126",1,0,False
"7581266",232762,432513,"7581266",1,0,True
"7581265",432513,432511,"758126",1,0,False
"7581264",32146,432511,"7581264",1,0,True
"7581263",432511,173073,"758126",1,0,False
"7581262",356385,173073,"7581262",1,0,True
"7581261",173073,458072,"758126",1,0,False
"7581253",458072,458068,"75812",1,0,False
"7581252",283099,458068,"7581252",1,0,True
"7581251",458068,220881,"75812",1,0,False
"7581249",283382,163781,"758124",1,0,True
"7581248",71532,163781,"7581248",1,0,True
"7581247",163781,283461,"758124",1,0,False
"7581246",138289,283461,"7581246",1,0,True
"7581245",283461,404790,"758124",1,0,False
"7581244",404800,404790,"7581244",1,0,True
"7581243",404790,163782,"758124",1,0,False
"75812423",412347,412346,"7581242",1,0,True
"75812422",320144,412346,"75812422",1,0,True
"75812421",412346,163782,"7581242",1,0,False
"7581241",163782,220881,"758124",1,0,False
"75812393",220881,458073,"75812",1,0,False
"75812392",267052,458073,"75812392",1,0,True
"75812391",458073,458074,"75812",1,0,False
"75812383",334435,100408,"7581238",1,0,True
"75812382",346916,100408,"75812382",1,0,True
"75812381",100408,458074,"7581238",1,0,False
"7581237",458074,91741,"75812",1,0,False
"7581236",374157,91741,"7581236",1,0,True
"7581235",91741,45443,"75812",1,0,False
"7581234",434380,45443,"7581234",1,0,True
"7581233",45443,458062,"75812",1,0,False
"7581232",399292,458062,"7581232",1,0,True
"7581231",458062,458077,"75812",1,0,False
"7581229",443604,107584,"758122",1,0,True
"7581228",63712,107584,"7581228",1,0,True
"7581227",107584,443602,"758122",1,0,False
"7581226",271731,443602,"7581226",1,0,True
"7581225",443602,67604,"758122",1,0,False
"7581224",456178,67604,"7581224",1,0,True
"7581223",67604,456179,"758122",1,0,False
"7581222",366438,456179,"7581222",1,0,True
"7581221",456179,458077,"758122",1,0,False
"7581217",458077,128056,"75812",1,0,False
"75812163",420145,48214,"7581216",1,0,True
"75812162",32781,48214,"75812162",1,0,True
"75812161",48214,128056,"7581216",1,0,False
"7581215",128056,73426,"75812",1,0,False
"7581214",438089,73426,"7581214",1,0,True
"7581213",73426,34060,"75812",1,0,False
"7581212",242175,34060,"7581212",1,0,True
"7581211",34060,92723,"75812",1,0,False
"7581199",92723,333090,"758",1,0,False
"7581198",306413,333090,"7581198",1,0,True
"75811975",333090,846,"758",1,0,False
"75811974",255559,846,"75811974",1,0,True
"75811973",846,333065,"758",1,0,False
"75811972",261964,333065,"75811972",1,0,True
"75811971",333065,333062,"758",1,0,False
"7581196",221016,333062,"7581196",1,0,True
"7581195",333062,69939,"758",1,0,False
"7581194",438051,69939,"7581194",1,0,True
"7581193",69939,333097,"758",1,0,False
"7581192",265974,333097,"7581192",1,0,True
"75811915",333097,333096,"758",1,0,False
"75811914",56217,333096,"75811914",1,0,True
"75811913",333096,333113,"758",1,0,False
"75811912",238015,333113,"75811912",1,0,True
"75811911",333113,333104,"758",1,0,False
"7581189",264969,264974,"758118",1,0,True
"7581188",143720,264974,"7581188",1,0,True
"7581187",264974,264971,"758118",1,0,False
"7581186",452359,264971,"7581186",1,0,True
"75811855",264971,452361,"758118",1,0,False
"75811854",239074,452361,"75811854",1,0,True
"75811853",452361,452360,"758118",1,0,False
"75811852",62616,452360,"75811852",1,0,True
"75811851",452360,20372,"758118",1,0,False
"75811845",381352,459878,"7581184",1,0,True
"75811844",459879,459878,"75811844",1,0,True
"75811843",459878,459877,"7581184",1,0,False
"75811842",275469,459877,"75811842",1,0,True
"75811841",459877,20372,"7581184",1,0,False
"7581183",20372,26899,"758118",1,0,False
"7581182",396937,26899,"7581182",1,0,True
"75811817",26899,396936,"758118",1,0,False
"75811816",240750,396936,"75811816",1,0,True
"75811815",396936,264972,"758118",1,0,False
"75811814",445280,264972,"75811814",1,0,True
"75811813",264972,445254,"758118",1,0,False
"75811812",276816,445254,"75811812",1,0,True
"75811811",445254,333104,"758118",1,0,False
"7581173",333104,333105,"758",1,0,False
"75811723",440337,440338,"7581172",1,0,True
"75811722",204956,440338,"75811722",1,0,True
"75811721",440338,333105,"7581172",1,0,False
"7581171",333105,333108,"758",1,0,False
"7581167",131832,389043,"758116",1,0,True
"7581166",96363,389043,"7581166",1,0,True
"7581165",389043,178997,"758116",1,0,False
"7581164",49836,178997,"7581164",1,0,True
"7581163",178997,83320,"758116",1,0,False
"75811625",342987,179474,"7581162",1,0,True
"75811624",415660,179474,"75811624",1,0,True
"75811623",179474,399896,"7581162",1,0,False
"75811622",190371,399896,"75811622",1,0,True
"75811621",399896,83320,"7581162",1,0,False
"7581161",83320,333108,"758116",1,0,False
"758115",333108,161139,"758",1,0,False
"7581149",56286,60903,"758114",1,0,True
"7581148",43227,60903,"7581148",1,0,True
"7581147",60903,358701,"758114",1,0,False
"7581146",314076,358701,"7581146",1,0,True
"7581145",358701,236579,"758114",1,0,False
"7581144",263657,236579,"7581144",1,0,True
"7581143",236579,356745,"758114",1,0,False
"7581142",333628,356745,"7581142",1,0,True
"7581141",356745,161139,"758114",1,0,False
"7581133",161139,49118,"758",1,0,False
"7581132",342965,49118,"7581132",1,0,True
"7581131",49118,97735,"758",1,0,False
"75811297",301473,424901,"758112",1,0,True
"75811296",89458,424901,"75811296",1,0,True
"75811295",424901,301472,"758112",1,0,False
"75811294",68445,301472,"75811294",1,0,True
"75811293",301472,380646,"758112",1,0,False
"75811292",216529,380646,"75811292",1,0,True
"75811291",380646,385790,"758112",1,0,False
"7581128",385789,385790,"7581128",1,0,True
"75811275",385790,301474,"758112",1,0,False
"75811274",236391,301474,"75811274",1,0,True
"75811273",301474,435318,"758112",1,0,False
"75811272",304054,435318,"75811272",1,0,True
"75811271",435318,19626,"758112",1,0,False
"75811263",226584,226588,"7581126",1,0,True
"75811262",242570,226588,"75811262",1,0,True
"75811261",226588,19626,"7581126",1,0,False
"75811253",19626,337037,"758112",1,0,False
"75811252",286294,337037,"75811252",1,0,True
"75811251",337037,335513,"758112",1,0,False
"75811243",151141,344476,"7581124",1,0,True
"75811242",50683,344476,"75811242",1,0,True
"75811241",344476,335513,"7581124",1,0,False
"7581123",335513,58142,"758112",1,0,False
"75811227",267856,367530,"7581122",1,0,True
"75811226",63228,367530,"75811226",1,0,True
"75811225",367530,66898,"7581122",1,0,False
"75811224",148212,66898,"75811224",1,0,True
"75811223",66898,334945,"7581122",1,0,False
"75811222",56297,334945,"75811222",1,0,True
"75811221",334945,58142,"7581122",1,0,False
"75811213",58142,301468,"758112",1,0,False
"75811212",109644,301468,"75811212",1,0,True
"75811211",301468,97735,"758112",1,0,False
"758111",97735,41884,"758",1,0,False
